PC_Datetime,ESP1_Millis,ESP2_Millis,Wind_Direction,Wind_Speed_kmh,Temperature_1,Temperature_2,Temperature_3,Turbine_Voltage,Turbine_Current,Turbine_Power,Gas_Value,Line_Sensor,Sound_Level,Vibration_Value,failure
2026-05-15 19:50:52,0,0,0,0.0,0.0,0.0,0.0,0.0,0.0,0.0,0,0,0,0,1.0
2026-05-15 19:50:53,0,0,0,0.0,0.0,0.0,0.0,0.0,0.0,0.0,0,0,0,0,1.0
2026-05-15 19:50:54,1842,1631,360,29.88,24.4,28.5,27.1,0.0,1.26,0.0,65,1,2,0,1.0
2026-05-15 19:50:55,2844,2630,360,0.0,24.4,28.5,27.1,0.0,1.27,0.0,69,1,4,0,1.0
2026-05-15 19:50:56,3919,3630,360,0.0,24.4,28.5,27.1,0.0,1.32,0.0,64,1,4,0,1.0
2026-05-15 19:50:57,4921,4630,360,0.0,24.4,28.5,27.1,0.0,1.38,0.0,69,1,9,0,1.0
2026-05-15 19:50:58,5996,5630,360,0.0,24.3,28.5,27.1,0.0,1.3,0.0,64,1,8,0,1.0
2026-05-15 19:50:59,6998,6630,360,0.0,24.3,28.5,27.1,0.0,1.33,0.0,64,1,12,0,1.0
2026-05-15 19:51:00,8073,7630,360,0.0,24.3,28.3,27.1,0.0,1.32,0.0,64,1,16,0,1.0
2026-05-15 19:51:01,9075,8630,360,0.0,24.3,28.3,27.1,0.0,1.33,0.0,65,1,17,0,1.0
2026-05-15 19:51:02,10149,9630,360,0.0,24.3,28.0,27.1,0.0,1.25,0.0,69,1,16,0,1.0
2026-05-15 19:51:03,11151,10630,360,0.0,24.3,28.0,27.1,0.0,1.29,0.0,66,1,23,0,1.0
2026-05-15 19:51:04,12225,11630,360,0.0,24.3,28.0,27.1,0.0,1.2,0.0,69,1,26,0,1.0
2026-05-15 19:51:05,13227,13630,360,0.0,24.3,28.0,27.1,0.0,1.4,0.0,59,1,28,0,1.0
2026-05-15 19:51:06,14301,14630,360,0.0,24.3,28.0,27.1,0.0,1.31,0.0,67,1,27,0,1.0
2026-05-15 19:51:07,15303,15630,360,0.0,24.3,28.0,27.1,0.0,1.29,0.0,65,1,32,0,1.0
2026-05-15 19:51:08,15303,15630,360,0.0,24.3,28.0,27.1,0.0,1.29,0.0,65,1,32,0,1.0
2026-05-15 19:51:09,17187,17123,360,0.0,24.3,28.0,27.1,0.0,1.29,0.0,119,1,44,890,1.0
2026-05-15 19:51:10,18189,18123,360,0.0,24.3,28.0,27.1,0.0,1.32,0.0,67,1,61,758,1.0
2026-05-15 19:51:11,19264,19123,360,0.0,24.3,28.0,26.9,0.0,1.25,0.0,66,1,38,557,1.0
2026-05-15 19:51:12,20265,20123,360,0.0,24.3,28.0,26.9,0.0,1.32,0.0,64,1,13,317,1.0
2026-05-15 19:51:13,21340,21123,360,0.0,24.3,28.0,26.7,0.0,1.32,0.0,64,1,0,191,1.0
2026-05-15 19:51:14,22341,22123,360,0.0,24.3,28.0,26.7,0.0,1.29,0.0,66,1,0,128,1.0
2026-05-15 19:51:15,23416,23123,360,0.0,24.3,28.0,26.7,0.0,1.22,0.0,80,1,0,105,1.0
2026-05-15 19:51:16,24417,24123,360,0.0,24.3,28.0,26.7,0.0,1.32,0.0,64,1,0,59,1.0
2026-05-15 19:51:17,25492,25123,360,0.0,24.3,28.0,26.7,0.0,1.3,0.0,66,1,0,10,1.0
2026-05-15 19:51:18,26493,26123,360,0.0,24.3,28.0,26.7,0.0,1.27,0.0,65,1,0,0,1.0
2026-05-15 19:51:19,27568,27123,360,0.0,24.3,28.0,26.7,0.0,1.32,0.0,64,1,0,0,1.0
2026-05-15 19:51:20,28569,28123,360,0.0,24.3,28.0,26.7,0.0,1.18,0.0,65,1,0,0,1.0
2026-05-15 19:51:21,28569,29123,360,0.0,24.3,28.0,26.7,0.0,1.18,0.0,65,1,0,0,1.0
2026-05-15 19:51:22,29643,30123,360,0.0,24.2,28.0,26.7,0.0,1.26,0.0,69,1,0,0,1.0
2026-05-15 19:51:23,30644,31123,360,0.0,24.2,28.0,26.7,0.0,1.29,0.0,69,1,0,0,1.0
2026-05-15 19:51:24,31718,32123,360,0.0,24.2,28.0,26.7,0.0,1.28,0.0,69,1,0,0,1.0
2026-05-15 19:51:25,33292,32123,360,0.0,24.2,28.0,26.7,0.0,1.34,0.0,63,1,0,0,1.0
2026-05-15 19:51:26,34365,33712,360,0.0,24.2,28.0,26.7,0.0,1.29,0.0,68,1,271,1504,1.0
2026-05-15 19:51:27,35366,34712,360,0.0,24.2,28.0,26.7,0.0,1.23,0.0,68,1,293,1607,1.0
2026-05-15 19:51:28,36440,35712,360,0.0,24.2,27.6,26.7,0.0,1.3,0.0,66,1,315,1782,1.0
2026-05-15 19:51:29,37441,36712,360,0.0,24.2,27.6,26.7,0.0,1.32,0.0,63,1,339,1939,1.0
2026-05-15 19:51:30,38515,37712,360,0.0,24.2,27.6,26.7,0.0,1.22,0.0,64,1,366,2112,1.0
2026-05-15 19:51:31,39516,38712,360,0.0,24.2,27.6,26.7,0.0,1.26,0.0,65,1,384,2282,1.0
2026-05-15 19:51:32,40590,39712,360,0.0,24.2,27.6,26.7,0.0,1.27,0.0,70,1,383,2431,1.0
2026-05-15 19:51:33,41591,40712,360,0.0,24.2,27.6,26.7,0.0,1.24,0.0,66,1,421,2525,1.0
2026-05-15 19:51:34,41591,41712,360,0.0,24.2,27.6,26.7,0.0,1.24,0.0,66,1,432,2603,1.0
2026-05-15 19:51:35,42665,42712,360,0.0,24.2,27.6,26.7,0.0,1.23,0.0,64,1,433,2676,1.0
2026-05-15 19:51:36,43666,43712,360,0.0,24.2,27.6,26.7,0.0,1.3,0.0,80,1,464,2782,1.0
2026-05-15 19:51:37,44740,44712,360,0.0,24.2,27.6,26.7,0.0,1.37,0.0,66,1,478,2874,1.0
2026-05-15 19:51:38,45741,45712,360,0.0,24.2,27.6,26.7,0.0,1.29,0.0,64,1,496,2987,1.0
2026-05-15 19:51:39,46815,46712,360,0.0,24.2,27.6,26.7,0.0,1.46,0.0,61,1,497,3040,1.0
2026-05-15 19:51:40,47816,47712,360,0.0,24.2,27.6,26.7,0.0,1.3,0.0,64,1,496,3031,1.0
2026-05-15 19:51:41,47816,48712,360,0.0,24.2,27.6,26.7,0.0,1.3,0.0,64,1,483,3009,1.0
2026-05-15 19:51:42,49750,50501,360,0.0,24.2,27.6,26.7,0.0,1.37,0.0,68,1,6,0,1.0
2026-05-15 19:51:43,50751,51501,360,0.0,24.2,27.6,26.7,0.0,1.37,0.0,64,1,15,0,1.0
2026-05-15 19:51:44,51825,52501,360,0.0,24.2,27.6,26.7,0.0,1.25,0.0,65,1,17,0,1.0
2026-05-15 19:51:45,52826,53501,360,0.0,24.2,27.6,26.7,0.0,1.23,0.0,59,1,16,0,1.0
2026-05-15 19:51:46,53900,54501,360,0.0,24.2,27.6,26.7,0.0,1.33,0.0,91,1,23,0,1.0
2026-05-15 19:51:47,54901,55501,360,0.0,24.2,27.6,26.7,0.0,1.33,0.0,68,1,29,0,1.0
2026-05-15 19:51:48,55975,56501,360,0.0,24.2,27.6,26.7,0.0,1.37,0.0,66,1,32,0,1.0
2026-05-15 19:51:49,56976,57501,360,0.0,24.2,27.6,26.7,0.0,1.36,0.0,67,1,31,0,1.0
2026-05-15 19:51:50,58050,58501,360,0.0,24.2,27.6,26.7,0.0,1.32,0.0,65,1,33,0,1.0
2026-05-15 19:51:51,59051,59501,360,0.0,24.2,27.6,26.7,0.0,1.24,0.0,64,1,35,0,1.0
2026-05-15 19:51:52,60125,60501,360,0.0,24.2,27.6,26.7,0.0,1.25,0.0,65,1,40,0,1.0
2026-05-15 19:51:53,61126,61501,360,0.0,24.2,27.6,26.7,0.0,1.36,0.0,64,1,44,0,1.0
2026-05-15 19:51:54,62200,62501,360,0.0,24.2,27.6,26.7,0.0,1.22,0.0,67,1,52,0,1.0
2026-05-15 19:51:55,63201,63501,360,0.0,24.2,27.6,26.7,0.0,1.49,0.0,42,1,59,64,1.0
2026-05-15 19:51:56,64275,64501,360,0.0,24.2,27.6,26.7,0.0,1.23,0.0,67,1,73,144,1.0
2026-05-15 19:51:57,64275,65501,360,0.0,24.2,27.6,26.7,0.0,1.23,0.0,67,1,84,209,1.0
2026-05-15 19:51:58,66056,65501,360,0.0,24.2,27.6,26.7,0.0,1.34,0.0,63,1,84,209,1.0
2026-05-15 19:51:59,67130,67104,360,0.0,24.1,27.6,26.7,0.0,1.24,0.0,67,1,368,2243,1.0
2026-05-15 19:52:00,68131,68104,360,0.0,24.1,27.6,26.7,0.0,1.25,0.0,64,1,415,2435,1.0
2026-05-15 19:52:01,69205,69104,360,0.0,24.1,27.1,26.7,0.0,1.23,0.0,64,1,447,2640,1.0
2026-05-15 19:52:02,70206,70104,360,0.0,24.1,27.1,26.7,0.0,1.24,0.0,65,1,463,2803,1.0
2026-05-15 19:52:03,71280,71104,360,0.0,24.1,27.1,26.7,0.0,1.31,0.0,64,1,478,2899,1.0
2026-05-15 19:52:04,72281,72104,360,0.0,24.1,27.1,26.7,0.0,1.32,0.0,68,1,485,2986,1.0
2026-05-15 19:52:05,73355,73104,360,0.0,24.1,27.1,26.7,0.0,1.24,0.0,65,1,496,3035,1.0
2026-05-15 19:52:06,74356,74104,360,0.0,24.1,27.1,26.7,0.0,1.19,0.0,69,1,485,3027,1.0
2026-05-15 19:52:07,75430,75104,360,0.0,24.1,27.1,26.7,0.0,1.29,0.0,70,1,476,3026,1.0
2026-05-15 19:52:08,76431,76104,360,0.0,24.1,27.1,26.7,0.0,1.36,0.0,71,1,466,2971,1.0
2026-05-15 19:52:09,77505,77104,360,0.0,24.1,27.1,26.7,0.0,1.25,0.0,77,1,458,2915,1.0
2026-05-15 19:52:10,78506,78104,360,0.0,24.1,27.1,26.7,0.0,1.18,0.0,77,1,432,2842,1.0
2026-05-15 19:52:11,79580,79104,360,0.0,24.1,27.1,26.7,0.0,1.23,0.0,65,1,419,2787,1.0
2026-05-15 19:52:12,80581,80104,360,0.0,24.1,27.1,26.7,0.0,1.29,0.0,65,1,425,2823,1.0
2026-05-15 19:52:13,80581,81104,360,0.0,24.1,27.1,26.7,0.0,1.29,0.0,65,1,421,2774,1.0
2026-05-15 19:52:14,82313,82104,360,0.0,24.1,27.1,26.7,0.0,1.33,0.0,70,1,417,2741,1.0
2026-05-15 19:52:15,83314,83684,360,0.0,24.1,27.1,26.7,0.0,1.13,0.0,66,1,354,2745,1.0
2026-05-15 19:52:16,84388,84684,360,0.0,24.1,27.1,26.7,0.0,1.09,0.0,65,1,426,2768,1.0
2026-05-15 19:52:17,85389,85684,360,0.0,24.1,27.1,26.7,0.0,1.19,0.0,75,1,425,2752,1.0
2026-05-15 19:52:18,86463,86684,360,0.0,24.1,27.1,26.7,0.0,1.26,0.0,64,1,340,2806,1.0
2026-05-15 19:52:19,87464,87684,360,0.0,24.1,27.1,26.7,0.0,1.24,0.0,65,1,435,2838,1.0
2026-05-15 19:52:20,88538,88684,360,0.0,24.1,27.1,26.5,0.0,1.16,0.0,69,1,441,2807,1.0
2026-05-15 19:52:21,89539,89684,360,0.0,24.1,27.1,26.5,0.0,1.18,0.0,75,1,449,2881,1.0
2026-05-15 19:52:22,90613,90684,360,0.0,24.1,27.1,26.2,0.0,1.2,0.0,65,1,461,2943,1.0
2026-05-15 19:52:23,91614,91684,360,0.0,24.1,27.1,26.2,0.0,1.23,0.0,71,1,467,2967,1.0
2026-05-15 19:52:24,92688,92684,360,0.0,24.1,27.1,26.2,0.0,1.29,0.0,64,1,471,2981,1.0
2026-05-15 19:52:25,92688,93684,360,0.0,24.1,27.1,26.2,0.0,1.29,0.0,64,1,477,3006,1.0
2026-05-15 19:52:26,93689,94684,360,0.0,24.1,27.1,26.2,0.0,1.26,0.0,64,1,489,2999,1.0
2026-05-15 19:52:27,94763,95684,360,0.0,24.1,27.1,26.2,0.0,1.23,0.0,66,1,496,3029,1.0
2026-05-15 19:52:28,95764,96684,360,0.0,24.1,27.1,26.2,0.0,1.32,0.0,63,1,491,3024,1.0
2026-05-15 19:52:29,96838,97684,360,0.0,24.1,27.1,26.2,0.0,1.24,0.0,71,1,405,2928,1.0
2026-05-15 19:52:30,98419,98684,360,0.0,24.1,27.1,26.2,0.0,1.18,0.0,67,1,468,2880,1.0
2026-05-15 19:52:31,99493,98684,360,0.0,24.0,27.1,26.2,0.0,1.02,0.0,69,1,468,2880,1.0
2026-05-15 19:52:32,100494,100272,360,0.0,24.0,27.1,26.2,0.0,1.09,0.0,68,1,0,0,1.0
2026-05-15 19:52:33,101568,101272,360,0.0,24.0,27.1,26.2,0.0,1.28,0.0,32,1,0,0,1.0
2026-05-15 19:52:34,102569,102272,360,0.0,24.0,27.1,26.2,0.0,1.24,0.0,69,1,0,0,1.0
2026-05-15 19:52:35,103643,103272,360,0.0,24.0,27.1,26.2,0.0,1.27,0.0,64,1,0,0,1.0
2026-05-15 19:52:36,104644,104272,360,0.0,24.0,27.1,26.2,0.0,1.22,0.0,64,1,0,0,1.0
2026-05-15 19:52:37,105718,105272,360,0.0,24.0,27.1,26.2,0.0,1.22,0.0,66,1,0,0,1.0
2026-05-15 19:52:38,105718,106272,360,0.0,24.0,27.1,26.2,0.0,1.22,0.0,66,1,0,0,1.0
2026-05-15 19:52:39,106719,107272,360,0.0,24.0,27.1,26.2,0.0,1.2,0.0,75,1,0,0,1.0
2026-05-15 19:52:40,107793,108272,360,0.0,24.0,26.9,26.2,0.0,1.18,0.0,71,1,0,0,1.0
2026-05-15 19:52:41,108794,109272,360,0.0,24.0,26.9,26.2,0.0,1.18,0.0,74,1,0,0,1.0
2026-05-15 19:52:42,109868,110272,360,0.0,24.0,26.7,26.2,0.0,1.16,0.0,65,1,0,0,1.0
2026-05-15 19:52:43,110869,111272,360,0.0,24.0,26.7,26.2,0.0,1.26,0.0,71,1,0,0,1.0
2026-05-15 19:52:44,111943,112272,360,0.0,24.0,26.7,26.2,0.0,1.39,0.0,64,1,0,0,1.0
2026-05-15 19:52:45,112944,113272,360,0.0,24.0,26.7,26.2,0.0,1.18,0.0,64,1,0,0,1.0
2026-05-15 19:52:46,112944,114272,360,0.0,24.0,26.7,26.2,0.0,1.18,0.0,64,1,0,0,1.0
2026-05-15 19:52:47,114873,115272,360,0.0,24.0,26.7,26.2,0.0,1.35,0.0,71,1,0,0,1.0
2026-05-15 19:52:48,115874,115272,360,8.96,24.0,26.7,26.2,0.0,1.19,0.0,130,1,0,0,1.0
2026-05-15 19:52:49,116949,117061,360,17.93,24.0,26.7,26.2,0.0,1.18,0.0,64,1,134,578,1.0
2026-05-15 19:52:50,117950,118061,360,29.88,24.0,26.7,26.2,0.0,1.3,0.0,77,1,143,608,1.0
2026-05-15 19:52:51,119025,119061,360,29.88,24.0,26.7,26.2,0.0,1.32,0.0,70,1,151,679,1.0
2026-05-15 19:52:52,120026,120061,360,32.87,24.0,26.7,26.2,0.0,1.22,0.0,67,1,160,765,1.0
2026-05-15 19:52:53,121100,121061,360,35.86,24.0,26.7,26.2,0.0,1.2,0.0,67,1,175,877,1.0
2026-05-15 19:52:54,122101,122061,360,35.86,24.0,26.7,26.2,0.0,1.16,0.0,69,1,160,1005,1.0
2026-05-15 19:52:55,123175,123061,360,35.86,24.0,26.7,26.2,0.0,1.32,0.0,71,1,195,1045,1.0
2026-05-15 19:52:56,124176,124061,360,35.86,24.0,26.7,26.2,0.0,1.24,0.0,65,1,194,1057,1.0
2026-05-15 19:52:57,125250,125061,360,32.87,24.0,26.7,26.2,0.0,1.17,0.0,67,1,200,1093,1.0
2026-05-15 19:52:58,126251,126061,360,35.86,24.0,26.7,26.2,0.0,1.27,0.0,70,1,204,1125,1.0
2026-05-15 19:52:59,127325,127061,360,32.87,24.0,26.7,26.2,0.0,1.23,0.0,65,1,209,1168,1.0
2026-05-15 19:53:00,128326,128061,360,32.87,24.0,26.7,26.2,0.0,1.5,0.0,64,1,214,1185,1.0
2026-05-15 19:53:01,129400,129061,360,29.88,24.0,26.7,26.2,0.0,1.34,0.0,66,1,198,1117,1.0
2026-05-15 19:53:02,129400,130061,360,29.88,24.0,26.7,26.2,0.0,1.34,0.0,66,1,208,1153,1.0
2026-05-15 19:53:03,130985,131061,360,50.8,24.0,26.7,26.2,0.0,1.19,0.0,64,1,165,1105,1.0
2026-05-15 19:53:04,132060,132061,360,29.88,24.1,26.7,26.2,0.0,1.18,0.0,68,1,204,1117,1.0
2026-05-15 19:53:05,133061,133655,360,29.88,24.1,26.7,26.2,0.0,1.3,0.0,66,1,35,0,1.0
2026-05-15 19:53:06,134136,134655,360,29.88,24.1,26.7,26.2,0.0,1.27,0.0,49,1,43,0,1.0
2026-05-15 19:53:07,135137,135655,360,32.87,24.1,26.7,26.2,0.0,1.32,0.0,67,1,31,0,1.0
2026-05-15 19:53:08,136212,136655,360,29.88,24.1,26.7,26.2,0.0,1.23,0.0,69,1,36,0,1.0
2026-05-15 19:53:09,137213,137655,360,29.88,24.1,26.7,26.2,0.0,1.18,0.0,58,1,38,0,1.0
2026-05-15 19:53:10,138288,138655,360,29.88,24.1,26.7,26.2,0.0,1.35,0.0,64,1,26,0,1.0
2026-05-15 19:53:11,139289,139655,360,47.81,24.1,26.7,26.2,0.0,1.18,0.0,71,1,35,0,1.0
2026-05-15 19:53:12,140364,140655,360,50.8,24.2,26.7,26.2,0.0,1.24,0.0,69,1,23,0,1.0
2026-05-15 19:53:13,141365,141655,360,56.77,24.2,26.7,26.2,0.0,1.34,0.0,68,1,25,0,1.0
2026-05-15 19:53:14,142440,142655,360,50.8,24.2,26.7,26.2,0.0,1.28,0.0,65,1,27,0,1.0
2026-05-15 19:53:15,143441,143655,360,56.77,24.2,26.7,26.2,0.0,1.3,0.0,68,1,21,0,1.0
2026-05-15 19:53:17,144516,144655,360,50.8,24.2,26.7,26.7,0.0,1.27,0.0,64,1,28,0,1.0
2026-05-15 19:53:18,145517,145655,360,53.78,24.2,26.7,26.7,0.0,1.25,0.0,64,1,20,0,1.0
2026-05-15 19:53:19,145517,146655,360,53.78,24.2,26.7,26.7,0.0,1.25,0.0,64,1,22,0,1.0
2026-05-15 19:53:20,147236,147655,360,62.75,24.2,26.7,26.7,0.0,1.22,0.0,70,1,26,0,1.0
2026-05-15 19:53:21,148237,148655,360,41.83,24.2,26.7,26.7,0.0,1.38,0.0,68,1,16,0,1.0
2026-05-15 19:53:22,149311,148655,360,32.87,24.2,26.7,26.7,0.0,1.23,0.0,69,1,16,0,1.0
2026-05-15 19:53:23,150312,150244,360,29.88,24.2,26.7,26.7,0.0,1.32,0.0,64,1,213,1229,1.0
2026-05-15 19:53:24,151386,151244,360,23.9,24.3,26.7,26.7,0.0,1.39,0.0,68,1,224,1274,1.0
2026-05-15 19:53:25,152387,152244,360,23.9,24.3,26.7,26.7,0.0,1.3,0.0,65,1,231,1341,1.0
2026-05-15 19:53:26,153461,153244,360,41.83,24.3,26.7,26.7,0.0,1.18,0.0,65,1,240,1370,1.0
2026-05-15 19:53:27,154462,154244,360,41.83,24.3,26.7,26.7,0.0,1.23,0.0,67,1,226,1302,1.0
2026-05-15 19:53:28,155536,155244,360,29.88,24.3,26.7,26.7,0.0,1.27,0.0,63,1,230,1320,1.0
2026-05-15 19:53:29,156537,156244,360,32.87,24.3,26.7,26.7,0.0,1.28,0.0,48,1,206,1149,1.0
2026-05-15 19:53:30,157611,157244,360,26.89,24.4,26.7,26.7,0.0,1.5,0.0,66,1,231,1299,1.0
2026-05-15 19:53:31,158612,158244,360,23.9,24.4,26.7,26.7,0.0,1.26,0.0,67,1,212,1219,1.0
2026-05-15 19:53:32,159686,159244,360,23.9,24.4,26.3,26.7,0.0,1.29,0.0,67,1,217,1274,1.0
2026-05-15 19:53:33,160687,160244,360,26.89,24.4,26.3,26.7,0.0,1.46,0.0,64,1,229,1303,1.0
2026-05-15 19:53:34,161760,161244,360,29.88,24.4,26.2,26.7,0.0,1.18,0.0,72,1,223,1294,1.0
2026-05-15 19:53:35,161760,162244,360,29.88,24.4,26.2,26.7,0.0,1.18,0.0,72,1,233,1312,1.0
2026-05-15 19:53:36,163137,163244,360,44.82,24.4,26.2,26.7,0.0,1.26,0.0,62,1,223,1301,1.0
2026-05-15 19:53:37,164210,164244,360,35.86,24.4,26.2,27.0,0.0,1.27,0.0,64,1,221,1247,1.0
2026-05-15 19:53:38,165211,165244,360,41.83,24.4,26.2,27.0,0.0,1.29,0.0,64,1,214,1232,1.0
2026-05-15 19:53:39,166284,166834,360,44.82,24.4,26.2,27.1,0.0,1.22,0.0,66,1,10,0,1.0
2026-05-15 19:53:40,167285,167834,360,50.8,24.4,26.2,27.1,0.0,1.36,0.0,64,1,14,0,1.0
2026-05-15 19:53:41,168358,168834,360,53.78,24.4,26.2,27.1,0.0,1.17,0.0,103,1,16,0,1.0
2026-05-15 19:53:42,169359,169834,360,59.76,24.4,26.2,27.1,0.0,1.33,0.0,11,1,17,0,1.0
2026-05-15 19:53:43,170432,170834,360,56.77,24.4,26.2,27.1,0.0,1.2,0.0,66,1,11,0,1.0
2026-05-15 19:53:44,171433,171834,360,62.75,24.4,26.2,27.1,0.0,1.26,0.0,67,1,16,0,1.0
2026-05-15 19:53:45,172506,172834,360,56.77,24.4,26.2,27.1,0.0,1.34,0.0,69,1,16,0,1.0
2026-05-15 19:53:46,173507,173834,360,59.76,24.4,26.2,27.1,0.0,1.32,0.0,64,1,17,0,1.0
2026-05-15 19:53:47,174581,174834,360,56.77,24.5,26.2,27.1,0.0,1.32,0.0,71,1,22,0,1.0
2026-05-15 19:53:48,175582,175834,360,59.76,24.5,26.2,27.1,0.0,1.19,0.0,66,1,17,0,1.0
2026-05-15 19:53:49,176656,176834,360,44.82,24.5,26.2,27.1,0.0,1.18,0.0,69,1,26,0,1.0
2026-05-15 19:53:50,177657,177834,360,47.81,24.5,26.2,27.1,0.0,1.3,0.0,68,1,16,0,1.0
2026-05-15 19:53:51,177657,178834,360,47.81,24.5,26.2,27.1,0.0,1.3,0.0,68,1,25,0,1.0
2026-05-15 19:53:52,179594,179834,360,77.69,24.5,26.2,27.1,0.0,1.2,0.0,69,1,23,0,1.0
2026-05-15 19:53:53,180595,180834,360,29.88,24.5,26.2,27.1,0.0,1.26,0.0,65,1,26,0,1.0
2026-05-15 19:53:54,181668,181834,360,41.83,24.6,26.2,27.1,0.0,1.23,0.0,65,1,27,0,1.0
2026-05-15 19:53:55,182669,181834,360,41.83,24.6,26.2,27.1,0.0,1.22,0.0,67,1,27,0,1.0
2026-05-15 19:53:56,183742,183421,360,38.84,24.6,26.2,27.1,0.0,1.29,0.0,75,1,183,986,1.0
2026-05-15 19:53:57,184744,184421,360,50.8,24.6,26.2,27.1,0.0,1.32,0.0,61,1,182,976,1.0
2026-05-15 19:53:58,185818,185421,360,38.84,24.6,26.2,27.1,0.0,1.33,0.0,67,1,199,1035,1.0
2026-05-15 19:53:59,186820,186421,360,53.78,24.6,26.2,27.1,0.0,1.16,0.0,64,1,201,1072,1.0
2026-05-15 19:54:00,187894,187421,360,47.81,24.6,26.2,27.1,0.0,1.31,0.0,66,1,198,1066,1.0
2026-05-15 19:54:01,187894,188421,360,47.81,24.6,26.2,27.1,0.0,1.31,0.0,66,1,205,1102,1.0
2026-05-15 19:54:02,188896,189421,360,47.81,24.6,26.2,27.1,0.0,1.33,0.0,66,1,219,1147,1.0
2026-05-15 19:54:03,189970,190421,360,35.86,24.6,26.2,27.6,0.0,1.36,0.0,95,1,176,1135,1.0
2026-05-15 19:54:04,190971,191421,360,47.81,24.6,26.2,27.6,0.0,1.31,0.0,66,1,198,1088,1.0
2026-05-15 19:54:05,192045,192421,360,32.87,24.6,26.2,27.6,0.0,1.29,0.0,96,1,212,1182,1.0
2026-05-15 19:54:06,193046,193421,360,29.88,24.6,26.2,27.6,0.49,1.46,0.72,54,1,215,1193,1.0
2026-05-15 19:54:07,194120,194421,360,35.86,24.6,26.2,27.6,1.51,1.25,1.89,69,1,219,1206,1.0
2026-05-15 19:54:08,195701,195421,360,59.76,24.6,26.2,27.6,1.45,1.18,1.71,77,1,210,1212,1.0
2026-05-15 19:54:09,196775,196421,360,35.86,24.6,26.2,27.6,1.44,1.36,1.96,65,1,208,1168,1.0
2026-05-15 19:54:10,197776,197421,360,38.84,24.6,26.2,27.6,1.45,1.25,1.81,77,1,208,1106,1.0
2026-05-15 19:54:11,198850,198421,360,35.86,24.6,26.2,27.6,1.42,1.15,1.63,63,1,207,1119,1.0
2026-05-15 19:54:12,199851,198421,360,38.84,24.6,26.2,27.6,1.42,1.18,1.67,64,1,207,1119,1.0
2026-05-15 19:54:13,200925,200010,360,32.87,24.6,26.2,27.6,1.37,1.23,1.68,70,1,9,0,1.0
2026-05-15 19:54:14,200925,201010,360,32.87,24.6,26.2,27.6,1.37,1.23,1.68,70,1,2,0,1.0
2026-05-15 19:54:15,201926,202010,360,35.86,24.6,26.2,27.6,1.32,1.22,1.61,64,1,7,0,1.0
2026-05-15 19:54:16,203000,203010,360,26.89,24.6,26.2,27.6,1.38,1.4,1.93,66,1,0,0,1.0
2026-05-15 19:54:17,204001,204010,360,29.88,24.6,26.2,27.6,1.46,1.34,1.96,63,1,4,0,1.0
2026-05-15 19:54:18,205075,205010,360,35.86,24.6,26.2,27.6,1.53,1.29,1.98,68,1,1,0,1.0
2026-05-15 19:54:19,206076,206010,360,44.82,24.6,26.2,27.6,1.4,1.2,1.68,65,1,6,0,1.0
2026-05-15 19:54:20,207150,207010,360,44.82,24.6,26.2,27.6,1.5,1.18,1.76,67,1,1,0,1.0
2026-05-15 19:54:21,208151,208010,360,44.82,24.6,26.2,27.6,1.42,1.25,1.77,52,1,0,0,1.0
2026-05-15 19:54:22,209225,209010,360,44.82,24.6,26.2,27.6,1.48,1.47,2.18,65,1,0,0,1.0
2026-05-15 19:54:23,210226,210010,360,44.82,24.6,26.2,27.6,0.28,1.18,0.33,72,1,0,0,1.0
2026-05-15 19:54:24,210226,211010,360,44.82,24.6,26.2,27.6,0.28,1.18,0.33,72,1,0,0,1.0
2026-05-15 19:54:25,211955,212010,360,53.78,24.6,26.2,27.6,1.52,1.32,2.0,66,1,0,0,1.0
2026-05-15 19:54:26,212956,213010,360,38.84,24.6,26.2,27.6,1.51,1.27,1.92,64,1,1,0,1.0
2026-05-15 19:54:27,214030,214010,360,35.86,24.6,26.2,27.6,0.91,1.36,1.24,67,1,19,144,0.0
2026-05-15 19:54:28,215031,215010,360,47.81,24.6,26.2,27.6,1.46,1.29,1.88,66,1,17,151,1.0
2026-05-15 19:54:29,216105,216599,360,47.81,24.6,26.2,27.6,1.44,1.31,1.88,64,1,59,109,1.0
2026-05-15 19:54:30,217106,217599,360,56.77,24.6,26.2,27.6,1.49,1.23,1.84,64,1,71,112,1.0
2026-05-15 19:54:31,218180,218599,360,47.81,24.6,26.2,27.6,1.51,1.23,1.86,64,1,67,128,1.0
2026-05-15 19:54:32,219181,219599,360,53.78,24.6,26.2,27.6,1.51,1.18,1.77,69,1,69,122,1.0
2026-05-15 19:54:33,220255,220599,360,44.82,24.6,26.2,27.6,1.46,1.06,1.54,67,1,65,131,1.0
2026-05-15 19:54:34,221256,221599,360,44.82,24.6,26.2,27.6,1.42,1.29,1.83,66,1,62,109,1.0
2026-05-15 19:54:35,222330,222599,360,41.83,24.6,26.2,27.6,1.44,1.51,2.17,67,1,71,141,1.0
2026-05-15 19:54:36,223331,223599,360,47.81,24.6,26.2,27.6,1.46,1.15,1.68,65,1,75,176,1.0
2026-05-15 19:54:37,224405,224599,360,44.82,24.6,26.2,27.6,1.18,1.23,1.45,73,1,83,215,1.0
2026-05-15 19:54:38,225406,225599,360,41.83,24.6,26.2,27.6,1.05,1.41,1.47,62,1,82,210,0.0
2026-05-15 19:54:39,226480,226599,360,35.86,24.6,25.8,27.6,0.92,1.18,1.09,27,1,77,208,1.0
2026-05-15 19:54:40,226480,227599,360,35.86,24.6,25.8,27.6,0.92,1.18,1.09,27,1,90,234,1.0
2026-05-15 19:54:41,228060,228599,360,59.76,24.6,25.8,27.6,1.46,1.25,1.83,69,1,81,227,1.0
2026-05-15 19:54:42,229134,229599,360,41.83,24.5,25.8,27.6,1.49,1.32,1.97,67,1,83,224,1.0
2026-05-15 19:54:43,230135,230599,360,47.81,24.5,25.8,27.6,1.51,1.18,1.77,66,1,86,240,1.0
2026-05-15 19:54:44,231209,231599,360,41.83,24.5,25.8,27.6,1.47,1.2,1.76,69,1,91,229,1.0
2026-05-15 19:54:45,232210,231599,360,44.82,24.5,25.8,27.6,1.41,1.36,1.91,74,1,91,229,1.0
2026-05-15 19:54:46,233284,233189,360,41.83,24.5,25.8,27.6,1.5,1.15,1.72,64,1,22,93,1.0
2026-05-15 19:54:47,234285,234189,360,41.83,24.5,25.8,27.6,1.47,1.18,1.73,67,1,9,28,1.0
2026-05-15 19:54:48,235359,235189,360,41.83,24.5,25.8,28.0,1.0,1.22,1.21,66,1,2,0,1.0
2026-05-15 19:54:49,236360,236189,360,44.82,24.5,25.8,28.0,0.62,1.23,0.77,71,1,0,0,1.0
2026-05-15 19:54:50,237434,237189,360,38.84,24.4,25.8,28.0,1.43,1.32,1.88,63,1,0,0,1.0
2026-05-15 19:54:51,238435,238189,360,38.84,24.4,25.8,28.0,1.44,1.23,1.76,74,1,0,0,1.0
2026-05-15 19:54:52,239509,239189,360,38.84,24.4,25.8,28.0,1.42,1.15,1.63,63,1,11,0,1.0
2026-05-15 19:54:53,240510,240189,360,38.84,24.4,25.8,28.0,1.45,1.19,1.73,65,1,0,0,1.0
2026-05-15 19:54:54,241585,241189,360,32.87,24.4,25.8,28.0,1.04,1.48,1.53,64,1,0,0,0.0
2026-05-15 19:54:55,242586,242189,360,38.84,24.4,25.8,28.0,1.52,1.21,1.83,65,1,0,0,1.0
2026-05-15 19:54:56,242586,243189,360,38.84,24.4,25.8,28.0,1.52,1.21,1.83,65,1,5,0,1.0
2026-05-15 19:54:57,244312,244189,360,50.8,24.3,25.8,28.0,1.51,1.33,2.0,65,1,6,0,1.0
2026-05-15 19:54:58,245313,245189,360,26.89,24.3,25.8,28.0,0.0,1.19,0.0,64,1,7,0,1.0
2026-05-15 19:54:59,246386,246189,360,23.9,24.3,25.8,28.0,0.0,1.32,0.0,67,1,7,0,1.0
2026-05-15 19:55:00,247387,247189,360,23.9,24.3,25.8,28.0,0.54,1.29,0.69,66,1,10,0,1.0
2026-05-15 19:55:01,248460,248189,360,17.93,24.3,25.8,28.0,0.0,1.32,0.0,65,1,13,0,1.0
2026-05-15 19:55:02,249461,249777,360,20.92,24.3,25.8,28.0,0.3,1.24,0.37,66,1,147,694,1.0
2026-05-15 19:55:03,250535,250777,360,20.92,24.3,25.8,28.0,0.0,1.3,0.0,67,1,143,655,1.0
2026-05-15 19:55:04,251536,251777,360,20.92,24.3,25.8,28.0,0.8,1.33,1.06,64,1,134,667,1.0
2026-05-15 19:55:05,252610,252777,360,17.93,24.3,25.8,28.0,0.0,1.29,0.0,64,1,151,681,1.0
2026-05-15 19:55:06,253611,253777,360,17.93,24.3,25.8,28.0,0.0,1.3,0.0,70,1,144,658,1.0
2026-05-15 19:55:07,254684,254777,360,26.89,24.2,25.8,28.0,0.0,1.21,0.0,66,1,151,688,1.0
2026-05-15 19:55:08,255685,255777,360,38.84,24.2,25.8,28.0,0.0,1.41,0.0,65,1,155,702,1.0
2026-05-15 19:55:09,256759,256777,360,38.84,24.3,25.8,28.0,0.0,1.24,0.0,66,1,149,673,1.0
2026-05-15 19:55:10,257760,257777,360,41.83,24.3,25.8,28.0,0.0,1.46,0.0,61,1,141,633,1.0
2026-05-15 19:55:11,258833,258777,360,41.83,24.2,25.8,28.0,0.0,1.26,0.0,71,1,139,586,1.0
2026-05-15 19:55:12,258833,259777,360,41.83,24.2,25.8,28.0,0.0,1.26,0.0,71,1,138,582,1.0
2026-05-15 19:55:13,260418,260777,360,68.72,24.2,25.8,28.0,1.43,1.25,1.78,64,1,142,583,1.0
2026-05-15 19:55:14,261491,261777,360,38.84,24.2,25.8,28.0,0.56,1.32,0.74,67,1,150,645,1.0
2026-05-15 19:55:15,262492,262777,360,41.83,24.2,25.8,28.0,1.51,1.47,2.22,65,1,128,502,1.0
2026-05-15 19:55:16,263565,263777,360,41.83,24.2,25.7,28.0,1.45,1.32,1.91,64,1,138,592,1.0
2026-05-15 19:55:17,264566,264777,360,41.83,24.2,25.7,28.0,0.0,1.22,0.0,107,1,133,579,1.0
2026-05-15 19:55:18,265640,264777,360,41.83,24.2,25.3,28.0,1.3,1.16,1.5,67,1,133,579,1.0
2026-05-15 19:55:19,266641,266566,360,44.82,24.2,25.3,28.0,0.0,1.19,0.0,65,1,18,66,1.0
2026-05-15 19:55:20,267715,267566,360,38.84,24.2,25.3,28.1,1.4,1.27,1.78,63,1,24,146,1.0
2026-05-15 19:55:21,268716,268566,360,44.82,24.2,25.3,28.1,0.78,1.31,1.02,64,1,16,176,0.0
2026-05-15 19:55:22,269790,269566,360,44.82,24.2,25.3,28.5,1.31,1.2,1.57,70,1,37,245,1.0
2026-05-15 19:55:23,270791,270566,360,50.8,24.2,25.3,28.5,1.44,1.15,1.65,64,1,53,336,1.0
2026-05-15 19:55:24,271866,271566,360,47.81,24.2,25.3,28.5,1.52,1.31,1.99,67,1,71,479,1.0
2026-05-15 19:55:25,272867,272566,360,50.8,24.2,25.3,28.5,1.45,1.29,1.87,64,1,83,618,1.0
2026-05-15 19:55:26,273942,273566,360,50.8,24.1,25.3,28.5,0.0,1.48,0.0,64,1,103,743,1.0
2026-05-15 19:55:27,274943,274566,360,56.77,24.1,25.3,28.5,0.0,1.31,0.0,64,1,121,813,1.0
2026-05-15 19:55:28,274943,275566,360,56.77,24.1,25.3,28.5,0.0,1.31,0.0,64,1,95,911,1.0
2026-05-15 19:55:29,276468,276566,360,74.7,24.1,25.3,28.5,0.0,1.31,0.0,59,1,141,908,1.0
2026-05-15 19:55:30,277469,277566,360,53.78,24.1,25.3,28.5,0.0,1.26,0.0,66,1,142,960,1.0
2026-05-15 19:55:31,278544,278566,360,50.8,24.1,25.3,28.5,0.0,1.35,0.0,70,1,129,949,1.0
2026-05-15 19:55:32,279545,279566,360,53.78,24.1,25.3,28.5,0.45,1.34,0.61,71,1,155,1014,1.0
2026-05-15 19:55:33,280620,280566,360,47.81,24.1,25.3,28.5,0.0,1.22,0.0,69,1,163,1058,1.0
2026-05-15 19:55:34,281621,281566,360,53.78,24.1,25.3,28.5,0.0,1.33,0.0,66,1,169,1079,1.0
2026-05-15 19:55:35,282696,281566,360,50.8,24.1,25.3,28.5,0.83,1.38,1.15,64,1,169,1079,1.0
2026-05-15 19:55:36,283697,283160,360,50.8,24.1,25.3,28.5,1.02,1.25,1.28,63,1,143,630,0.0
2026-05-15 19:55:37,284772,284160,360,50.8,24.1,25.3,28.5,0.21,1.32,0.27,64,1,119,560,1.0
2026-05-15 19:55:38,285773,285160,360,47.81,24.1,25.3,28.5,1.39,1.25,1.74,55,1,135,577,1.0
2026-05-15 19:55:39,286848,286160,360,38.84,24.1,25.3,28.5,0.0,1.32,0.0,55,1,134,543,1.0
2026-05-15 19:55:40,287849,287160,360,41.83,24.1,25.3,28.5,1.4,1.36,1.91,65,1,128,481,1.0
2026-05-15 19:55:41,288924,288160,360,41.83,24.1,25.3,28.5,0.0,1.36,0.0,64,1,111,400,1.0
2026-05-15 19:55:42,289925,289160,360,50.8,24.1,25.3,28.5,0.0,1.32,0.0,64,1,96,358,1.0
2026-05-15 19:55:43,290999,290160,360,50.8,24.0,25.3,28.5,0.0,1.29,0.0,64,1,100,304,1.0
2026-05-15 19:55:44,290999,291160,360,50.8,24.0,25.3,28.5,0.0,1.29,0.0,64,1,80,250,1.0
2026-05-15 19:55:45,292572,292160,360,80.68,24.0,25.3,28.5,1.52,1.41,2.14,60,1,87,208,1.0
2026-05-15 19:55:46,293646,293160,360,50.8,24.0,25.3,28.5,1.33,1.48,1.98,64,1,69,58,0.0
2026-05-15 19:55:47,294647,294160,360,56.77,24.0,25.3,28.5,0.0,1.58,0.0,62,1,78,94,1.0
2026-05-15 19:55:48,295721,295160,360,53.78,24.0,25.3,28.5,1.55,1.53,2.37,63,1,57,54,1.0
2026-05-15 19:55:49,296722,296160,360,47.81,24.0,25.3,28.5,1.49,1.47,2.19,63,1,53,0,1.0
2026-05-15 19:55:50,297797,297160,360,47.81,24.0,25.3,28.5,1.46,1.39,2.02,64,1,45,0,1.0
2026-05-15 19:55:51,298798,298160,360,53.78,24.0,25.3,28.5,1.53,1.47,2.25,59,1,43,0,1.0
2026-05-15 19:55:52,299872,299748,360,44.82,24.0,25.3,28.5,1.56,1.36,2.11,52,1,224,1333,1.0
2026-05-15 19:55:53,300873,300748,360,50.8,24.0,25.3,28.5,1.49,1.45,2.16,64,1,211,1225,1.0
2026-05-15 19:55:54,301948,301748,360,47.81,23.9,25.3,28.5,1.48,1.47,2.18,63,1,224,1205,1.0
2026-05-15 19:55:55,302949,302748,360,44.82,23.9,25.3,28.5,1.49,1.51,2.25,64,1,208,1109,0.0
2026-05-15 19:55:56,304024,303748,360,38.84,23.9,25.3,28.5,1.48,1.43,2.12,58,1,215,1136,1.0
2026-05-15 19:55:57,304024,304748,360,38.84,23.9,25.3,28.5,1.48,1.43,2.12,58,1,193,905,1.0
2026-05-15 19:55:58,305025,305748,360,41.83,23.9,25.3,28.5,1.59,1.39,2.21,64,1,162,775,1.0
2026-05-15 19:55:59,306100,306748,360,41.83,23.9,25.3,28.5,1.47,1.53,2.24,62,1,148,656,0.0
2026-05-15 19:56:00,307101,307748,360,41.83,23.9,25.3,28.5,1.5,1.33,1.99,64,1,141,570,1.0
2026-05-15 19:56:01,309025,308748,360,71.71,23.9,25.3,28.5,1.46,1.32,1.92,44,1,106,398,1.0
2026-05-15 19:56:02,310026,309748,360,44.82,23.9,25.3,28.5,1.51,1.46,2.19,65,1,89,243,1.0
2026-05-15 19:56:03,310026,310748,360,44.82,23.9,25.3,28.5,1.51,1.46,2.19,65,1,70,93,1.0
2026-05-15 19:56:04,311101,311748,360,41.83,23.9,25.3,28.5,1.44,1.44,2.08,62,1,53,4,1.0
2026-05-15 19:56:05,312102,312748,360,47.81,23.9,25.3,28.5,1.51,1.43,2.16,66,1,47,0,1.0
2026-05-15 19:56:06,313177,313748,360,44.82,23.8,25.3,28.5,1.46,1.46,2.12,64,1,35,0,1.0
2026-05-15 19:56:07,314178,314748,360,50.8,23.8,25.3,28.5,1.5,1.5,2.25,68,1,42,0,0.0
2026-05-15 19:56:08,315253,314748,360,47.81,23.8,25.3,28.5,1.51,1.46,2.19,62,1,42,0,1.0
2026-05-15 19:56:09,316254,316337,360,47.81,23.8,25.3,28.5,1.36,1.52,2.07,64,1,228,1270,0.0
2026-05-15 19:56:10,317329,317337,360,47.81,23.8,25.3,28.5,0.0,1.61,0.0,53,1,215,1168,1.0
2026-05-15 19:56:11,318330,318337,360,35.86,23.8,25.3,28.5,0.0,1.42,0.0,61,1,190,974,1.0
2026-05-15 19:56:12,319405,319337,360,29.88,23.8,25.3,28.5,0.0,1.66,0.0,66,1,174,811,1.0
2026-05-15 19:56:13,320406,320337,360,47.81,23.8,25.3,28.5,0.0,1.26,0.0,61,1,146,687,1.0
2026-05-15 19:56:14,321481,321337,360,41.83,23.8,25.3,28.5,0.56,1.56,0.86,50,1,143,560,1.0
2026-05-15 19:56:15,322482,322337,360,41.83,23.8,25.3,28.5,0.33,1.65,0.55,61,1,127,449,1.0
2026-05-15 19:56:16,323557,323337,360,32.87,23.8,25.3,28.5,0.0,1.51,0.0,61,1,111,354,1.0
2026-05-15 19:56:17,323557,324337,360,32.87,23.8,25.3,28.5,0.0,1.51,0.0,61,1,79,179,1.0
2026-05-15 19:56:18,325136,325337,360,38.84,23.8,25.3,28.5,0.0,1.43,0.0,63,1,65,54,1.0
2026-05-15 19:56:19,326211,326337,360,17.93,23.7,25.3,28.5,0.0,1.13,0.0,67,1,52,0,1.0
2026-05-15 19:56:20,327212,327337,360,20.92,23.7,25.3,28.5,0.0,1.21,0.0,68,1,43,0,1.0
2026-05-15 19:56:21,328287,328337,360,17.93,23.8,25.3,28.5,0.0,1.27,0.0,70,1,44,0,1.0
2026-05-15 19:56:22,329288,329337,360,23.9,23.8,25.3,28.5,0.0,1.09,0.0,65,1,40,0,1.0
2026-05-15 19:56:23,330363,330337,360,20.92,23.8,25.3,28.5,0.0,1.15,0.0,68,1,43,0,1.0
2026-05-15 19:56:24,331364,331337,360,17.93,23.8,25.3,28.5,0.0,1.16,0.0,74,1,30,0,1.0
2026-05-15 19:56:25,332438,333126,360,20.92,24.0,25.3,28.5,0.0,1.2,0.0,50,1,243,1396,1.0
2026-05-15 19:56:26,333439,334126,360,17.93,24.0,25.3,28.5,0.0,1.16,0.0,66,1,242,1329,1.0
2026-05-15 19:56:27,334513,335126,360,20.92,24.4,25.2,28.5,0.0,1.22,0.0,69,1,208,1214,1.0
2026-05-15 19:56:28,335514,336126,360,20.92,24.4,25.2,28.5,0.0,1.15,0.0,80,1,208,1098,1.0
2026-05-15 19:56:29,336588,337126,360,20.92,25.3,25.2,28.5,0.0,1.1,0.0,64,1,199,989,1.0
2026-05-15 19:56:30,337589,338126,360,20.92,25.3,25.2,28.5,0.0,1.12,0.0,64,1,176,850,1.0
2026-05-15 19:56:31,338663,339126,360,17.93,25.9,25.2,28.9,0.0,1.2,0.0,66,1,176,831,1.0
2026-05-15 19:56:32,339664,340126,360,17.93,25.9,25.2,28.9,0.0,1.13,0.0,67,1,156,643,1.0
2026-05-15 19:56:33,339664,341126,360,17.93,25.9,25.2,28.9,0.0,1.13,0.0,67,1,134,550,1.0
2026-05-15 19:56:34,341184,342126,360,17.93,26.4,25.3,28.9,0.0,1.29,0.0,70,1,98,416,1.0
2026-05-15 19:56:35,342185,343126,360,11.95,26.4,25.3,28.9,0.0,1.28,0.0,65,1,103,308,1.0
2026-05-15 19:56:36,343260,344126,360,11.95,26.8,25.3,29.3,0.0,1.25,0.0,63,1,81,238,1.0
2026-05-15 19:56:37,344261,345126,360,8.96,26.8,25.3,29.3,0.0,1.29,0.0,72,1,64,117,1.0
2026-05-15 19:56:38,345336,346126,360,14.94,27.1,25.3,29.3,0.0,1.26,0.0,42,1,61,43,1.0
2026-05-15 19:56:39,346337,347126,360,17.93,27.1,25.3,29.3,0.0,1.2,0.0,68,1,53,0,1.0
2026-05-15 19:56:40,347411,348126,360,17.93,27.4,25.8,29.8,0.0,1.32,0.0,32,1,39,0,1.0
2026-05-15 19:56:41,348412,348126,360,14.94,27.4,25.8,29.8,0.0,1.22,0.0,69,1,39,0,1.0
2026-05-15 19:56:42,349487,349720,360,14.94,27.7,26.2,29.8,0.0,1.28,0.0,67,1,0,0,1.0
2026-05-15 19:56:43,350488,350720,360,14.94,27.7,26.2,29.8,0.0,1.26,0.0,89,1,0,0,1.0
2026-05-15 19:56:44,351562,351720,360,14.94,28.0,27.6,30.2,0.0,1.47,0.0,63,1,11,23,1.0
2026-05-15 19:56:45,352563,352720,360,20.92,28.0,27.6,30.2,0.0,1.29,0.0,67,1,39,244,1.0
2026-05-15 19:56:46,353637,353720,360,23.9,28.3,28.3,30.2,0.0,1.27,0.0,69,1,70,455,1.0
2026-05-15 19:56:47,354638,354720,360,20.92,28.3,28.3,30.2,0.0,1.1,0.0,64,1,103,693,1.0
2026-05-15 19:56:48,355712,355720,360,20.92,28.6,29.0,30.2,0.0,1.27,0.0,65,1,140,923,1.0
2026-05-15 19:56:49,355712,356720,360,20.92,28.6,29.0,30.2,0.0,1.27,0.0,65,1,159,1006,1.0
2026-05-15 19:56:50,357290,357720,360,26.89,28.6,29.0,30.2,0.0,1.25,0.0,43,1,167,1077,1.0
2026-05-15 19:56:51,358365,358720,360,20.92,28.9,30.2,30.8,0.0,1.34,0.0,69,1,196,1166,1.0
2026-05-15 19:56:52,359366,359720,360,23.9,28.9,30.2,30.8,0.0,1.12,0.0,69,1,195,1181,1.0
2026-05-15 19:56:53,360441,360720,360,17.93,29.3,31.8,30.8,0.0,1.32,0.0,67,1,223,1269,1.0
2026-05-15 19:56:54,361442,361720,360,17.93,29.3,31.8,30.8,0.0,1.18,0.0,77,1,192,1055,1.0
2026-05-15 19:56:55,362516,362720,360,14.94,30.0,32.6,30.8,0.0,1.31,0.0,69,1,181,965,1.0
2026-05-15 19:56:56,363517,363720,360,14.94,30.0,32.6,30.8,0.0,1.12,0.0,66,1,158,795,1.0
2026-05-15 19:56:57,364591,364720,360,20.92,30.6,33.3,31.2,0.0,1.3,0.0,73,1,144,698,1.0
2026-05-15 19:56:58,365592,364720,360,35.86,30.6,33.3,31.2,0.0,1.29,0.0,70,1,144,698,1.0
2026-05-15 19:56:59,366666,366309,360,29.88,31.2,34.2,31.3,0.0,1.33,0.0,65,1,9,0,1.0
2026-05-15 19:57:00,367667,367309,360,26.89,31.2,34.2,31.3,0.0,1.25,0.0,67,1,48,310,1.0
2026-05-15 19:57:01,368742,368309,360,23.9,31.6,34.7,31.3,0.0,1.31,0.0,75,1,96,559,1.0
2026-05-15 19:57:02,369743,369309,360,20.92,31.6,34.7,31.3,0.0,1.23,0.0,64,1,126,763,1.0
2026-05-15 19:57:03,370816,370309,360,26.89,32.0,35.6,31.3,0.0,1.45,0.0,75,1,160,966,1.0
2026-05-15 19:57:04,371817,371309,360,23.9,32.0,35.6,31.3,0.0,1.33,0.0,74,1,165,1013,1.0
2026-05-15 19:57:05,371817,372309,360,23.9,32.0,35.6,31.3,0.0,1.33,0.0,74,1,192,1130,1.0
2026-05-15 19:57:06,373542,373309,360,38.84,32.4,36.9,31.3,0.0,1.18,0.0,73,1,185,1128,1.0
2026-05-15 19:57:07,374543,374309,360,23.9,32.4,36.9,31.3,0.0,1.43,0.0,66,1,170,912,1.0
2026-05-15 19:57:08,375617,375309,360,20.92,33.3,38.0,31.3,0.0,1.32,0.0,76,1,157,797,1.0
2026-05-15 19:57:09,376619,376309,360,20.92,33.3,38.0,31.3,0.0,1.19,0.0,64,1,146,680,1.0
2026-05-15 19:57:10,377693,377309,360,23.9,33.7,39.5,31.8,0.0,1.22,0.0,71,1,119,484,1.0
2026-05-15 19:57:11,378695,378309,360,23.9,33.7,39.5,31.8,0.0,1.27,0.0,88,1,100,327,1.0
2026-05-15 19:57:12,379769,379309,360,26.89,34.1,40.6,31.8,0.0,1.31,0.0,101,1,65,144,1.0
2026-05-15 19:57:13,380771,380309,360,38.84,34.1,40.6,31.8,0.0,1.23,0.0,67,1,48,96,1.0
2026-05-15 19:57:14,381845,381309,360,32.87,34.5,41.6,31.8,0.0,1.17,0.0,73,1,39,0,1.0
2026-05-15 19:57:15,382847,382898,360,26.89,34.5,41.6,31.8,0.0,1.19,0.0,74,1,186,1118,1.0
2026-05-15 19:57:16,383921,383898,360,20.92,34.8,42.8,31.8,0.0,1.29,0.0,64,1,181,1077,1.0
2026-05-15 19:57:17,384923,384898,360,23.9,34.8,42.8,31.8,0.0,1.21,0.0,66,1,160,941,1.0
2026-05-15 19:57:18,385997,385898,360,17.93,35.0,43.5,31.8,0.0,1.26,0.0,70,1,156,789,1.0
2026-05-15 19:57:19,386999,386898,360,29.88,35.0,43.5,31.8,0.0,1.22,0.0,72,1,135,624,1.0
2026-05-15 19:57:20,388073,387898,360,35.86,35.3,43.9,31.8,0.0,1.19,0.0,74,1,112,465,1.0
2026-05-15 19:57:21,388073,388898,360,35.86,35.3,43.9,31.8,0.0,1.19,0.0,74,1,97,331,1.0
2026-05-15 19:57:22,389648,389898,360,71.71,35.3,43.9,31.8,0.0,1.25,0.0,70,1,65,182,1.0
2026-05-15 19:57:23,390723,390898,360,44.82,35.5,44.4,31.8,0.0,1.27,0.0,76,1,42,0,1.0
2026-05-15 19:57:24,391725,391898,360,44.82,35.5,44.4,31.8,0.0,1.24,0.0,69,1,49,17,1.0
2026-05-15 19:57:25,392799,392898,360,29.88,35.6,44.8,31.8,0.0,1.29,0.0,74,1,32,0,1.0
2026-05-15 19:57:26,393801,393898,360,29.88,35.6,44.8,31.8,0.0,1.18,0.0,70,1,28,0,1.0
2026-05-15 19:57:27,394875,394898,360,26.89,35.8,45.7,31.8,0.0,1.27,0.0,79,1,14,0,1.0
2026-05-15 19:57:28,395877,395898,360,26.89,35.8,45.7,31.8,0.0,1.36,0.0,68,1,18,0,1.0
2026-05-15 19:57:29,396951,396898,360,26.89,35.9,45.7,31.8,0.0,1.28,0.0,73,1,17,0,1.0
2026-05-15 19:57:30,397953,397898,360,26.89,35.9,45.7,31.8,0.0,1.23,0.0,68,1,10,0,1.0
2026-05-15 19:57:31,399028,397898,360,23.9,36.0,46.2,31.8,0.0,1.32,0.0,67,1,10,0,1.0
2026-05-15 19:57:32,400030,399487,360,20.92,36.0,46.2,31.8,0.0,1.19,0.0,66,1,107,421,1.0
2026-05-15 19:57:33,401105,400487,360,20.92,36.1,47.1,31.8,0.0,1.18,0.0,73,1,84,244,1.0
2026-05-15 19:57:34,402107,401487,360,29.88,36.1,47.1,31.8,0.0,1.13,0.0,62,1,65,112,1.0
2026-05-15 19:57:35,402107,402487,360,29.88,36.1,47.1,31.8,0.0,1.13,0.0,62,1,48,15,1.0
2026-05-15 19:57:36,403182,403487,360,23.9,36.3,47.1,31.8,0.0,1.18,0.0,70,1,46,0,1.0
2026-05-15 19:57:37,404184,404487,360,20.92,36.3,47.1,31.8,0.0,1.23,0.0,73,1,37,0,1.0
2026-05-15 19:57:38,405697,405487,360,23.9,36.5,47.6,31.8,0.0,1.29,0.0,68,1,29,0,1.0
2026-05-15 19:57:39,406699,406487,360,23.9,36.5,47.6,31.8,0.0,1.22,0.0,75,1,30,0,1.0
2026-05-15 19:57:40,407774,407487,360,17.93,38.0,47.6,31.8,0.0,1.23,0.0,67,1,16,0,0.0
2026-05-15 19:57:41,408776,408487,360,20.92,38.0,47.6,31.8,0.0,1.27,0.0,67,1,15,0,1.0
2026-05-15 19:57:42,409851,409487,360,14.94,38.5,47.6,31.8,0.0,1.32,0.0,76,1,26,0,1.0
2026-05-15 19:57:43,410853,410487,360,20.92,38.5,47.6,31.8,0.0,1.16,0.0,70,1,26,0,1.0
2026-05-15 19:57:44,411927,411487,360,29.88,39.0,48.2,31.8,0.0,1.11,0.0,80,1,17,0,1.0
2026-05-15 19:57:45,412929,412487,360,38.84,39.0,48.2,31.8,0.0,1.46,0.0,72,1,17,0,1.0
2026-05-15 19:57:46,414003,413487,360,29.88,39.4,48.2,31.8,0.0,1.26,0.0,69,1,19,0,1.0
2026-05-15 19:57:47,415005,414487,360,29.88,39.4,48.2,31.8,0.0,1.23,0.0,67,1,16,0,1.0
2026-05-15 19:57:48,416079,416075,360,23.9,39.6,48.2,32.3,0.0,1.32,0.0,67,1,112,560,1.0
2026-05-15 19:57:49,417080,417075,360,29.88,39.6,48.2,32.3,0.0,1.18,0.0,75,1,124,553,1.0
2026-05-15 19:57:50,418155,418075,360,35.86,39.8,48.7,32.3,0.0,1.18,0.0,78,1,133,547,1.0
2026-05-15 19:57:51,419156,419075,360,32.87,39.8,48.7,32.3,0.0,1.18,0.0,76,1,70,186,1.0
2026-05-15 19:57:52,419156,420075,360,32.87,39.8,48.7,32.3,0.0,1.18,0.0,76,1,113,484,1.0
2026-05-15 19:57:53,420231,421075,360,26.89,40.0,48.7,32.3,0.0,1.18,0.0,69,1,113,465,1.0
2026-05-15 19:57:54,421802,422075,360,50.8,40.0,48.7,32.3,0.0,1.29,0.0,69,1,112,445,1.0
2026-05-15 19:57:55,422877,423075,360,26.89,40.0,48.7,32.3,0.22,1.31,0.29,65,1,102,400,1.0
2026-05-15 19:57:56,423878,424075,360,23.9,40.0,48.7,32.3,1.0,1.15,1.14,71,1,99,406,1.0
2026-05-15 19:57:57,424953,425075,360,17.93,40.2,48.7,32.3,0.0,1.18,0.0,64,1,86,304,1.0
2026-05-15 19:57:58,425954,426075,360,17.93,40.2,48.7,32.3,0.0,1.25,0.0,70,1,81,311,1.0
2026-05-15 19:57:59,427027,427075,360,14.94,40.2,49.2,32.3,0.0,1.29,0.0,77,1,88,284,1.0
2026-05-15 19:58:00,428028,428075,360,14.94,40.2,49.2,32.3,1.59,1.24,1.97,71,1,81,229,1.0
2026-05-15 19:58:01,429102,429075,360,11.95,40.2,48.7,32.3,0.89,1.23,1.09,69,1,78,199,1.0
2026-05-15 19:58:02,430103,430075,360,14.94,40.2,48.7,32.3,0.0,1.25,0.0,73,1,66,162,1.0
2026-05-15 19:58:03,431177,431075,360,11.95,40.2,48.7,32.8,0.0,1.24,0.0,74,1,71,143,1.0
2026-05-15 19:58:04,432178,431075,360,8.96,40.2,48.7,32.8,0.0,1.26,0.0,67,1,71,143,1.0
2026-05-15 19:58:05,432178,432664,360,8.96,40.2,48.7,32.8,0.0,1.26,0.0,67,1,66,464,1.0
2026-05-15 19:58:06,433252,433664,360,8.96,40.2,48.7,32.8,1.51,1.22,1.83,73,1,74,507,1.0
2026-05-15 19:58:07,434253,434664,360,11.95,40.2,48.7,32.8,1.48,1.3,1.93,73,1,65,538,1.0
2026-05-15 19:58:08,435326,435664,360,8.96,40.1,48.2,32.8,1.44,1.43,2.07,65,1,50,536,1.0
2026-05-15 19:58:09,436327,436664,360,8.96,40.1,48.2,32.8,1.48,1.25,1.85,66,1,73,574,1.0
2026-05-15 19:58:10,438054,437664,360,11.95,40.0,48.2,32.8,1.45,1.23,1.77,69,1,75,545,1.0
2026-05-15 19:58:11,439055,438664,360,5.98,40.0,48.2,32.8,1.43,1.31,1.87,67,1,76,527,1.0
2026-05-15 19:58:12,440129,439664,360,0.0,39.9,48.2,33.0,0.0,1.18,0.0,80,1,71,511,1.0
2026-05-15 19:58:13,441130,440664,360,0.0,39.9,48.2,33.0,1.5,1.31,1.96,70,1,70,556,1.0
2026-05-15 19:58:14,442205,441664,360,0.0,39.8,47.6,33.3,1.42,1.23,1.74,75,1,80,632,1.0
2026-05-15 19:58:15,442205,442664,360,0.0,39.8,47.6,33.3,1.42,1.23,1.74,75,1,99,735,1.0
2026-05-15 19:58:16,443206,443664,360,0.0,39.8,47.6,33.3,1.55,1.24,1.92,64,1,112,835,1.0
2026-05-15 19:58:17,444281,444664,360,0.0,39.6,47.6,33.3,1.63,1.21,1.97,69,1,122,913,1.0
2026-05-15 19:58:18,445282,445664,360,0.0,39.6,47.6,33.3,1.58,1.3,2.06,69,1,128,902,1.0
2026-05-15 19:58:19,446357,446664,360,2.99,39.4,47.1,33.3,1.51,1.29,1.94,73,1,130,959,1.0
2026-05-15 19:58:20,447358,447664,360,0.0,39.4,47.1,33.3,1.55,1.2,1.85,65,1,160,1050,1.0
2026-05-15 19:58:21,448432,449253,360,0.0,39.0,47.1,33.3,0.0,1.45,0.0,72,1,9,0,1.0
2026-05-15 19:58:22,449433,450253,360,2.99,39.0,47.1,33.3,1.49,1.32,1.96,67,1,13,0,1.0
2026-05-15 19:58:23,450507,451253,360,0.0,38.8,46.2,33.3,1.48,1.26,1.86,68,1,14,0,1.0
2026-05-15 19:58:24,451508,452253,360,2.99,38.8,46.2,33.3,1.44,1.35,1.94,50,1,15,0,1.0
2026-05-15 19:58:25,452583,453253,360,2.99,38.6,45.7,33.3,0.0,1.31,0.0,64,1,10,0,1.0
2026-05-15 19:58:26,454161,454253,360,2.99,38.6,45.7,33.3,1.52,1.34,2.04,64,1,3,0,1.0
2026-05-15 19:58:27,455235,455253,360,2.99,38.4,45.3,33.3,1.58,1.26,2.0,64,1,11,0,1.0
2026-05-15 19:58:28,455235,456253,360,2.99,38.4,45.3,33.3,1.58,1.26,2.0,64,1,7,0,1.0
2026-05-15 19:58:29,456236,457253,360,0.0,38.4,45.3,33.3,1.48,1.34,1.98,64,1,5,0,1.0
2026-05-15 19:58:30,457309,458253,360,2.99,38.2,44.4,33.3,1.53,1.25,1.91,67,1,0,0,1.0
2026-05-15 19:58:31,458310,459253,360,2.99,38.2,44.4,33.3,1.42,1.24,1.76,66,1,10,0,1.0
2026-05-15 19:58:32,459383,460253,360,2.99,38.0,44.4,33.3,0.0,1.24,0.0,66,1,0,0,1.0
2026-05-15 19:58:33,460384,461253,360,2.99,38.0,44.4,33.3,1.28,1.19,1.52,67,1,0,0,1.0
2026-05-15 19:58:34,461459,462253,360,2.99,37.8,43.9,33.3,1.43,1.2,1.71,75,1,0,0,1.0
2026-05-15 19:58:35,462460,463253,360,2.99,37.8,43.9,33.3,1.27,1.06,1.35,69,1,0,0,1.0
2026-05-15 19:58:36,463535,464253,360,11.95,37.7,43.5,33.3,0.0,1.19,0.0,68,1,19,109,1.0
2026-05-15 19:58:37,464536,464253,360,5.98,37.7,43.5,33.3,0.0,1.31,0.0,63,1,19,109,1.0
2026-05-15 19:58:38,465610,466042,360,2.99,37.5,43.0,33.3,1.51,1.29,1.94,66,1,39,0,1.0
2026-05-15 19:58:39,466611,467042,360,2.99,37.5,43.0,33.3,1.37,1.27,1.75,65,1,15,0,1.0
2026-05-15 19:58:40,467686,468042,360,2.99,37.4,42.5,33.3,1.57,1.27,2.0,53,1,43,0,1.0
2026-05-15 19:58:41,468687,469042,360,2.99,37.4,42.5,33.3,1.08,1.29,1.39,62,1,35,0,1.0
2026-05-15 19:58:42,470209,470042,360,2.99,37.2,42.5,33.3,0.0,1.18,0.0,65,1,33,0,1.0
2026-05-15 19:58:43,471210,471042,360,8.96,37.2,42.5,33.3,0.0,1.23,0.0,73,1,41,0,1.0
2026-05-15 19:58:44,471210,472042,360,8.96,37.2,42.5,33.3,0.0,1.23,0.0,73,1,23,0,1.0
2026-05-15 19:58:45,472284,473042,360,2.99,37.0,42.0,33.3,1.56,1.18,1.83,67,1,31,0,1.0
2026-05-15 19:58:46,473285,474042,360,5.98,37.0,42.0,33.3,1.05,1.22,1.28,64,1,17,0,1.0
2026-05-15 19:58:47,474428,475042,360,5.98,36.9,0.0,33.3,0.0,1.22,0.0,65,1,18,0,1.0
2026-05-15 19:58:48,475429,476042,360,2.99,36.9,0.0,33.3,1.47,1.27,1.87,67,1,17,0,1.0
2026-05-15 19:58:49,476571,477042,360,2.99,36.8,0.0,33.3,0.0,1.23,0.0,71,1,19,0,1.0
2026-05-15 19:58:50,477572,478042,360,2.99,36.8,0.0,33.3,1.29,1.16,1.5,69,1,16,0,1.0
2026-05-15 19:58:51,478645,479042,360,2.99,36.6,43.0,33.3,1.54,1.15,1.77,66,1,8,0,1.0
2026-05-15 19:58:52,479646,480042,360,2.99,36.6,43.0,33.3,1.56,1.22,1.9,69,1,12,0,1.0
2026-05-15 19:58:53,480721,481042,360,2.99,36.5,43.9,33.3,1.63,1.04,1.7,67,1,7,0,1.0
2026-05-15 19:58:54,481722,481042,360,2.99,36.5,43.9,33.3,1.58,1.19,1.88,65,1,7,0,1.0
2026-05-15 19:58:55,482796,482860,360,2.99,36.4,43.9,33.8,0.47,1.29,0.6,68,1,0,19,1.0
2026-05-15 19:58:56,483797,483860,360,2.99,36.4,43.9,33.8,1.61,1.2,1.93,66,1,19,147,1.0
2026-05-15 19:58:57,484870,484860,360,2.99,36.3,44.4,34.2,1.59,1.09,1.75,68,1,48,293,1.0
2026-05-15 19:58:58,484870,485860,360,2.99,36.3,44.4,34.2,1.59,1.09,1.75,68,1,64,415,1.0
2026-05-15 19:58:59,486515,486860,360,2.99,36.3,44.4,34.2,1.36,1.26,1.71,70,1,68,496,1.0
2026-05-15 19:59:00,487589,487860,360,2.99,36.2,44.8,34.2,0.0,1.31,0.0,71,1,98,707,1.0
2026-05-15 19:59:01,488590,488860,360,2.99,36.2,44.8,34.2,1.52,1.25,1.91,73,1,118,833,1.0
2026-05-15 19:59:02,489665,489860,360,0.0,36.1,45.3,34.7,1.51,1.18,1.78,77,1,125,850,1.0
2026-05-15 19:59:03,490666,490860,360,2.99,36.1,45.3,34.7,1.4,1.23,1.72,74,1,125,877,1.0
2026-05-15 19:59:04,491740,491860,360,0.0,36.0,45.7,35.2,1.45,1.11,1.61,71,1,143,944,1.0
2026-05-15 19:59:05,492741,492860,360,2.99,36.0,45.7,35.2,1.47,1.29,1.9,70,1,150,995,1.0
2026-05-15 19:59:06,493815,493860,360,0.0,36.0,45.7,35.2,0.39,1.18,0.46,69,1,156,1006,1.0
2026-05-15 19:59:07,494816,494860,360,2.99,36.0,45.7,35.2,1.58,1.34,2.11,67,1,170,1066,1.0
2026-05-15 19:59:08,495891,495860,360,0.0,35.9,46.2,35.6,1.44,1.25,1.79,70,1,128,739,1.0
2026-05-15 19:59:09,496892,496860,360,0.0,35.9,46.2,35.6,1.63,1.2,1.96,73,1,138,961,1.0
2026-05-15 19:59:10,497967,497860,360,2.99,35.8,46.2,35.6,1.25,1.3,1.62,72,1,157,901,1.0
2026-05-15 19:59:11,498968,497860,360,0.0,35.8,46.2,35.6,1.5,1.32,1.98,73,1,157,901,1.0
2026-05-15 19:59:12,500043,499429,360,0.0,35.7,47.6,36.3,1.44,1.43,2.06,55,1,16,0,1.0
2026-05-15 19:59:13,501044,500429,360,0.0,35.7,47.6,36.3,0.72,1.3,0.94,64,1,16,0,1.0
2026-05-15 19:59:14,501044,501429,360,0.0,35.7,47.6,36.3,0.72,1.3,0.94,64,1,16,0,1.0
2026-05-15 19:59:15,502568,502429,360,2.99,35.6,48.2,36.3,1.43,1.24,1.77,74,1,10,0,1.0
2026-05-15 19:59:16,503569,503429,360,0.0,35.6,48.2,36.3,1.23,1.19,1.46,37,1,16,0,1.0
2026-05-15 19:59:17,504644,504429,360,0.0,35.6,48.7,36.9,1.58,1.14,1.8,68,1,2,0,1.0
2026-05-15 19:59:18,505645,505429,360,0.0,35.6,48.7,36.9,0.21,1.36,0.29,64,1,0,0,1.0
2026-05-15 19:59:19,506719,506429,360,0.0,35.5,49.2,36.9,1.37,1.25,1.72,66,1,0,0,1.0
2026-05-15 19:59:20,507720,507429,360,0.0,35.5,49.2,36.9,0.52,1.38,0.72,68,1,0,0,1.0
2026-05-15 19:59:21,508794,508429,360,0.0,35.4,49.8,37.4,0.57,1.22,0.7,68,1,0,0,1.0
2026-05-15 19:59:22,509795,509429,360,0.0,35.4,49.8,37.4,1.6,1.22,1.95,67,1,5,19,1.0
2026-05-15 19:59:23,510870,510429,360,0.0,35.3,50.3,37.4,1.39,1.23,1.7,68,1,22,140,1.0
2026-05-15 19:59:24,511871,511429,360,0.0,35.3,50.3,37.4,1.25,1.36,1.7,69,1,36,228,1.0
2026-05-15 19:59:25,512946,512429,360,0.0,35.3,50.3,38.0,1.61,1.42,2.28,67,1,39,293,1.0
2026-05-15 19:59:26,513947,513429,360,0.0,35.3,50.3,38.0,0.53,1.18,0.62,67,1,34,263,1.0
2026-05-15 19:59:27,515021,514429,360,0.0,35.2,50.8,38.0,1.66,1.26,2.09,64,1,75,576,1.0
2026-05-15 19:59:28,516022,516028,360,0.0,35.2,50.8,38.0,0.42,1.18,0.49,69,1,94,677,1.0
2026-05-15 19:59:29,517096,517028,360,0.0,35.1,50.8,38.0,0.0,1.27,0.0,64,1,145,950,1.0
2026-05-15 19:59:30,517096,518028,360,0.0,35.1,50.8,38.0,0.0,1.27,0.0,64,1,155,1057,1.0
2026-05-15 19:59:31,518674,519028,360,0.0,35.1,50.8,38.0,0.0,1.24,0.0,91,1,155,1072,1.0
2026-05-15 19:59:32,519749,520028,360,0.0,35.0,51.3,38.5,0.0,1.26,0.0,70,1,177,1231,1.0
2026-05-15 19:59:33,520750,521028,360,0.0,35.0,51.3,38.5,0.0,1.23,0.0,70,1,503,3441,1.0
2026-05-15 19:59:34,521825,522028,360,0.0,35.0,51.3,38.5,0.0,1.29,0.0,75,1,569,4073,1.0
2026-05-15 19:59:35,522826,523028,360,0.0,35.0,51.3,38.5,0.0,1.25,0.0,70,1,586,4095,1.0
2026-05-15 19:59:36,523899,524028,360,0.0,34.9,50.8,39.0,0.0,1.31,0.0,75,1,592,4095,1.0
2026-05-15 19:59:37,524900,525028,360,0.0,34.9,50.8,39.0,0.0,1.18,0.0,71,1,597,4090,1.0
2026-05-15 19:59:38,525973,526028,360,0.0,34.8,50.8,39.0,0.0,1.22,0.0,74,1,615,4095,1.0
2026-05-15 19:59:39,526974,527028,360,0.0,34.8,50.8,39.0,0.0,1.17,0.0,71,1,624,4095,1.0
2026-05-15 19:59:40,528048,528028,360,0.0,34.7,50.8,39.0,0.0,1.29,0.0,66,1,475,2974,1.0
2026-05-15 19:59:41,529050,529028,360,0.0,34.7,50.8,39.0,0.0,1.26,0.0,73,1,511,3164,1.0
2026-05-15 19:59:42,530124,530028,360,0.0,34.7,50.8,39.0,0.0,1.2,0.0,67,1,448,2735,1.0
2026-05-15 19:59:43,531125,531028,360,0.0,34.7,50.8,39.0,0.0,1.29,0.0,68,1,395,2390,1.0
2026-05-15 19:59:44,532199,531028,360,0.0,34.6,50.3,39.0,0.0,1.38,0.0,65,1,395,2390,1.0
2026-05-15 19:59:45,533201,532607,360,0.0,34.6,50.3,39.0,0.0,1.32,0.0,64,1,139,734,1.0
2026-05-15 19:59:46,533201,533607,360,0.0,34.6,50.3,39.0,0.0,1.32,0.0,64,1,105,427,1.0
2026-05-15 19:59:47,534721,534607,360,0.0,34.5,50.3,39.0,0.0,1.24,0.0,77,1,66,208,1.0
2026-05-15 19:59:48,535723,535607,360,0.0,34.5,50.3,39.0,0.0,1.32,0.0,74,1,42,12,1.0
2026-05-15 19:59:49,536797,536607,360,0.0,34.5,49.8,39.5,0.0,1.23,0.0,67,1,34,0,1.0
2026-05-15 19:59:50,537798,537607,360,0.0,34.5,49.8,39.5,0.0,1.2,0.0,71,1,35,0,1.0
2026-05-15 19:59:51,538872,538607,360,0.0,34.4,49.8,39.5,0.0,1.17,0.0,69,1,30,0,1.0
2026-05-15 19:59:52,539873,539607,360,0.0,34.4,49.8,39.5,0.0,1.37,0.0,68,1,26,0,1.0
2026-05-15 19:59:53,540947,540607,360,0.0,34.3,49.3,39.5,0.0,1.27,0.0,68,1,21,0,1.0
2026-05-15 19:59:54,541948,541607,360,0.0,34.3,49.3,39.5,0.0,1.26,0.0,71,1,19,0,1.0
2026-05-15 19:59:55,543022,542607,360,0.0,34.3,49.2,39.5,0.0,1.29,0.0,69,1,16,0,1.0
2026-05-15 19:59:56,544023,543607,360,0.0,34.3,49.2,39.5,0.0,1.28,0.0,66,1,14,0,1.0
2026-05-15 19:59:57,545097,544607,360,0.0,34.1,49.2,39.5,0.0,1.43,0.0,63,1,16,0,1.0
2026-05-15 19:59:58,546098,545607,360,0.0,34.1,49.2,39.5,0.0,1.07,0.0,66,1,17,0,1.0
2026-05-15 19:59:59,547172,546607,360,0.0,34.0,48.7,39.5,0.0,1.3,0.0,72,1,9,0,1.0
2026-05-15 20:00:00,548173,547607,360,0.0,34.0,48.7,39.5,0.0,1.47,0.0,42,1,0,0,1.0
2026-05-15 20:00:01,549247,549196,360,0.0,34.0,48.7,39.5,0.0,1.2,0.0,64,1,606,4095,1.0
2026-05-15 20:00:02,549247,550196,360,0.0,34.0,48.7,39.5,0.0,1.2,0.0,64,1,624,4095,1.0
2026-05-15 20:00:03,550828,551196,360,0.0,34.0,48.7,39.5,0.0,1.19,0.0,66,1,614,3972,1.0
2026-05-15 20:00:04,551902,552196,360,0.0,33.9,48.2,39.5,0.0,1.36,0.0,66,1,592,3754,1.0
2026-05-15 20:00:05,552903,553196,360,0.0,33.9,48.2,39.5,0.0,1.18,0.0,83,1,541,3294,1.0
2026-05-15 20:00:06,553978,554196,360,0.0,33.8,47.6,39.0,0.0,1.18,0.0,65,1,445,2849,1.0
2026-05-15 20:00:07,554979,555196,360,0.0,33.8,47.6,39.0,0.0,1.21,0.0,77,1,384,2345,1.0
2026-05-15 20:00:08,556053,556196,360,0.0,33.8,47.6,39.0,0.0,1.29,0.0,80,1,321,1955,1.0
2026-05-15 20:00:09,557054,557196,360,0.0,33.8,47.6,39.0,0.0,1.23,0.0,91,1,260,1592,1.0
2026-05-15 20:00:10,558129,558196,360,0.0,33.7,47.6,39.0,0.0,1.25,0.0,81,1,67,185,1.0
2026-05-15 20:00:11,559130,559196,360,0.0,33.7,47.6,39.0,0.0,1.24,0.0,106,1,61,141,1.0
2026-05-15 20:00:12,560205,560196,360,0.0,33.6,47.1,39.0,0.0,1.32,0.0,101,1,48,102,1.0
2026-05-15 20:00:13,561206,561196,360,0.0,33.6,47.1,39.0,0.0,1.11,0.0,98,1,55,66,1.0
2026-05-15 20:00:14,562281,562196,360,0.0,33.5,47.1,39.0,0.0,1.14,0.0,90,1,49,83,1.0
2026-05-15 20:00:15,563282,563196,360,0.0,33.5,47.1,39.0,0.0,1.2,0.0,106,1,47,15,1.0
2026-05-15 20:00:16,564356,564196,360,0.0,33.4,46.2,39.0,0.0,1.25,0.0,112,1,44,0,1.0
2026-05-15 20:00:17,565357,564196,360,2.99,33.4,46.2,39.0,0.0,1.26,0.0,105,1,44,0,1.0
2026-05-15 20:00:18,565357,565990,360,2.99,33.4,46.2,39.0,0.0,1.26,0.0,105,1,7,0,1.0
2026-05-15 20:00:19,566876,566990,360,23.9,33.4,46.2,39.0,0.0,1.16,0.0,113,1,2,0,1.0
2026-05-15 20:00:20,567877,567990,360,26.89,33.4,46.2,39.0,0.0,1.18,0.0,110,1,3,0,1.0
2026-05-15 20:00:21,568952,568990,360,23.9,33.3,45.7,39.0,0.0,1.28,0.0,114,1,0,0,1.0
2026-05-15 20:00:22,569953,569990,360,26.89,33.3,45.7,39.0,0.0,1.24,0.0,84,1,6,70,1.0
2026-05-15 20:00:23,571028,570990,360,29.88,33.1,45.7,39.0,0.0,1.43,0.0,103,1,48,363,1.0
2026-05-15 20:00:24,572029,571990,360,32.87,33.1,45.7,39.0,0.0,1.28,0.0,115,1,77,625,1.0
2026-05-15 20:00:25,573104,572990,360,29.88,33.1,45.3,38.5,0.0,1.2,0.0,129,1,110,816,1.0
2026-05-15 20:00:26,574105,573990,360,32.87,33.1,45.3,38.5,0.0,1.36,0.0,131,1,139,970,1.0
2026-05-15 20:00:27,575180,574990,360,32.87,33.0,45.3,38.5,0.0,1.27,0.0,130,1,157,1043,1.0
2026-05-15 20:00:28,576181,575990,360,32.87,33.0,45.3,38.5,0.0,1.26,0.0,128,1,145,902,1.0
2026-05-15 20:00:29,577255,576990,360,32.87,32.9,44.8,38.5,0.0,1.43,0.0,114,1,137,835,1.0
2026-05-15 20:00:30,578257,577990,360,29.88,32.9,44.8,38.5,0.0,1.25,0.0,115,1,129,637,1.0
2026-05-15 20:00:31,579331,578990,360,32.87,32.8,44.8,38.5,0.0,1.33,0.0,118,1,110,458,1.0
2026-05-15 20:00:32,580332,579990,360,47.81,32.8,44.8,38.5,0.0,1.2,0.0,121,1,86,299,1.0
2026-05-15 20:00:33,581406,580990,360,41.83,32.7,44.4,38.5,0.0,1.19,0.0,117,1,61,123,1.0
2026-05-15 20:00:34,581406,580990,360,41.83,32.7,44.4,38.5,0.0,1.19,0.0,117,1,61,123,1.0
2026-05-15 20:00:35,582982,582783,360,74.7,32.7,44.4,38.5,0.0,1.16,0.0,125,1,1,0,1.0
2026-05-15 20:00:36,584056,583783,360,47.81,32.7,44.4,38.0,0.0,1.26,0.0,126,1,0,0,1.0
2026-05-15 20:00:37,585057,584783,360,47.81,32.7,44.4,38.0,0.0,1.24,0.0,126,1,0,48,1.0
2026-05-15 20:00:38,586132,585783,360,38.84,32.5,43.9,38.0,0.0,1.21,0.0,126,1,44,273,1.0
2026-05-15 20:00:39,587133,586783,360,35.86,32.5,43.9,38.0,0.0,1.11,0.0,113,1,48,371,1.0
2026-05-15 20:00:40,588208,587783,360,32.87,32.5,43.9,38.0,0.0,1.29,0.0,118,1,64,470,1.0
2026-05-15 20:00:41,589209,588783,360,44.82,32.5,43.9,38.0,0.0,1.23,0.0,119,1,80,581,1.0
2026-05-15 20:00:42,590284,589783,360,44.82,32.4,43.9,37.4,0.0,1.24,0.0,123,1,89,714,1.0
2026-05-15 20:00:43,591285,590783,360,44.82,32.4,43.9,37.4,0.0,1.24,0.0,110,1,111,797,1.0
2026-05-15 20:00:44,592360,591783,360,38.84,32.3,43.5,37.4,0.0,1.28,0.0,110,1,122,893,1.0
2026-05-15 20:00:45,593361,592783,360,32.87,32.3,43.5,37.4,0.0,1.18,0.0,103,1,122,874,1.0
2026-05-15 20:00:46,594436,593783,360,23.9,32.3,43.5,37.4,0.0,1.14,0.0,98,1,134,931,1.0
2026-05-15 20:00:47,595437,594783,360,23.9,32.3,43.5,37.4,0.0,1.28,0.0,105,1,131,934,1.0
2026-05-15 20:00:48,596511,595783,360,17.93,33.1,43.0,36.9,0.0,1.18,0.0,97,1,131,935,1.0
2026-05-15 20:00:49,596511,596783,360,17.93,33.1,43.0,36.9,0.0,1.18,0.0,97,1,156,1008,1.0
2026-05-15 20:00:50,597512,597783,360,26.89,33.1,43.0,36.9,0.0,1.24,0.0,93,1,149,981,1.0
2026-05-15 20:00:51,599235,599167,360,56.77,33.5,43.5,36.9,0.0,1.31,0.0,108,1,46,294,1.0
2026-05-15 20:00:52,600236,600167,360,41.83,33.5,43.5,36.9,0.0,1.3,0.0,112,1,49,401,1.0
2026-05-15 20:00:53,601310,601167,360,32.87,33.9,43.0,36.9,0.0,1.24,0.0,113,1,62,447,1.0
2026-05-15 20:00:54,602311,602167,360,32.87,33.9,43.0,36.9,0.0,1.46,0.0,114,1,64,474,1.0
2026-05-15 20:00:55,603384,603167,360,26.89,34.1,43.0,36.9,0.0,1.26,0.0,120,1,80,583,1.0
2026-05-15 20:00:56,604385,604167,360,26.89,34.1,43.0,36.9,0.0,1.18,0.0,92,1,80,643,1.0
2026-05-15 20:00:57,605459,605167,360,20.92,34.4,43.0,36.9,0.0,1.29,0.0,107,1,92,688,1.0
2026-05-15 20:00:58,606460,606167,360,20.92,34.4,43.0,36.9,0.0,1.25,0.0,109,1,98,752,1.0
2026-05-15 20:00:59,607534,607167,360,17.93,34.5,43.0,36.9,0.36,1.25,0.45,105,1,102,753,1.0
2026-05-15 20:01:00,607534,608167,360,17.93,34.5,43.0,36.9,0.36,1.25,0.45,105,1,107,797,1.0
2026-05-15 20:01:01,608535,609167,360,20.92,34.5,43.0,36.9,0.0,1.31,0.0,112,1,121,871,1.0
2026-05-15 20:01:02,609609,610167,360,32.87,34.7,43.0,36.9,0.0,1.27,0.0,128,1,130,884,1.0
2026-05-15 20:01:03,610610,611167,360,41.83,34.7,43.0,36.9,0.0,1.18,0.0,130,1,127,879,1.0
2026-05-15 20:01:04,611684,612167,360,35.86,34.8,42.5,36.9,1.61,1.28,2.06,128,1,143,944,1.0
2026-05-15 20:01:05,612685,613167,360,32.87,34.8,42.5,36.9,0.0,1.33,0.0,119,1,131,963,1.0
2026-05-15 20:01:06,613760,614167,360,38.84,35.0,42.5,36.9,0.0,1.33,0.0,122,1,145,974,1.0
2026-05-15 20:01:07,613760,614167,360,38.84,35.0,42.5,36.9,0.0,1.33,0.0,122,1,145,974,1.0
2026-05-15 20:01:08,615545,615758,360,59.76,35.0,42.5,36.9,0.0,1.2,0.0,112,1,21,0,1.0
2026-05-15 20:01:09,616620,616758,360,20.92,35.1,42.5,37.4,0.0,1.38,0.0,112,1,20,0,1.0
2026-05-15 20:01:10,617621,617758,360,20.92,35.1,42.5,37.4,0.0,1.35,0.0,119,1,20,0,1.0
2026-05-15 20:01:11,618695,618758,360,14.94,35.2,43.0,37.4,0.0,1.23,0.0,117,1,17,0,1.0
2026-05-15 20:01:12,619696,619758,360,32.87,35.2,43.0,37.4,0.0,1.29,0.0,131,1,16,0,1.0
2026-05-15 20:01:13,620770,620758,360,44.82,35.3,43.0,37.4,0.0,1.24,0.0,154,1,16,0,1.0
2026-05-15 20:01:14,621771,621758,360,53.78,35.3,43.0,37.4,0.0,1.24,0.0,154,1,16,0,1.0
2026-05-15 20:01:15,622845,622758,360,50.8,35.3,43.0,37.4,0.0,1.25,0.0,165,1,14,0,1.0
2026-05-15 20:01:16,623846,623758,360,50.8,35.3,43.0,37.4,0.0,1.24,0.0,192,1,17,0,1.0
2026-05-15 20:01:17,624921,624758,360,44.82,35.3,43.5,37.4,0.0,1.23,0.0,144,1,19,0,1.0
2026-05-15 20:01:18,625922,625758,360,47.81,35.3,43.5,37.4,0.0,1.2,0.0,144,1,13,0,1.0
2026-05-15 20:01:19,626997,626758,360,38.84,35.3,43.5,37.4,0.0,1.17,0.0,123,1,16,0,1.0
2026-05-15 20:01:20,627999,627758,360,32.87,35.3,43.5,37.4,0.0,1.29,0.0,113,1,16,0,1.0
2026-05-15 20:01:21,629074,628758,360,20.92,35.3,43.5,38.0,0.0,1.21,0.0,107,1,13,0,1.0
2026-05-15 20:01:22,630075,629758,360,20.92,35.3,43.5,38.0,0.0,1.35,0.0,110,1,5,0,1.0
2026-05-15 20:01:23,630075,630758,360,20.92,35.3,43.5,38.0,0.0,1.35,0.0,110,1,16,0,1.0
2026-05-15 20:01:24,631808,632338,360,26.89,35.3,44.4,38.0,0.0,1.25,0.0,107,1,2,0,1.0
2026-05-15 20:01:25,632809,633338,360,11.95,35.3,44.4,38.0,0.0,1.35,0.0,104,1,15,0,1.0
2026-05-15 20:01:26,633884,634338,360,11.95,35.3,46.2,38.0,0.0,1.24,0.0,110,1,0,0,1.0
2026-05-15 20:01:27,634885,635338,360,11.95,35.3,46.2,38.0,0.0,1.23,0.0,109,1,10,0,1.0
2026-05-15 20:01:28,635959,636338,360,8.96,35.3,48.2,38.0,0.0,1.22,0.0,101,1,5,0,1.0
2026-05-15 20:01:29,636960,637338,360,8.96,35.3,48.2,38.0,0.0,1.24,0.0,104,1,11,0,1.0
2026-05-15 20:01:30,638035,638338,360,5.98,35.3,50.2,38.0,0.0,1.18,0.0,102,1,16,0,1.0
2026-05-15 20:01:31,639036,639338,360,8.96,35.3,50.2,38.0,0.0,1.25,0.0,97,1,14,0,1.0
2026-05-15 20:01:32,640111,640338,360,5.98,35.2,51.3,38.0,0.0,1.22,0.0,107,1,5,0,1.0
2026-05-15 20:01:33,641112,641338,360,14.94,35.2,51.3,38.0,0.0,1.32,0.0,104,1,9,0,1.0
2026-05-15 20:01:34,642187,642338,360,29.88,35.1,52.7,38.0,0.0,1.24,0.0,69,1,12,0,1.0
2026-05-15 20:01:35,643188,643338,360,26.89,35.1,52.7,38.0,0.0,1.39,0.0,106,1,5,0,1.0
2026-05-15 20:01:36,644263,644338,360,20.92,35.1,53.2,38.0,0.0,1.19,0.0,98,1,12,0,1.0
2026-05-15 20:01:37,645264,645338,360,17.93,35.1,53.2,38.0,0.0,1.22,0.0,101,1,13,0,0.0
2026-05-15 20:01:38,646338,646338,360,14.94,35.1,53.8,38.0,0.0,1.33,0.0,132,1,7,0,0.0
2026-05-15 20:01:39,646338,647338,360,14.94,35.1,53.8,38.0,0.0,1.33,0.0,132,1,6,0,0.0
2026-05-15 20:01:40,647916,647338,360,20.92,35.1,53.8,38.0,0.0,1.26,0.0,137,1,6,0,1.0
2026-05-15 20:01:41,648990,648729,360,8.96,35.1,53.8,38.0,0.0,1.18,0.0,128,1,105,701,1.0
2026-05-15 20:01:42,649991,649729,360,11.95,35.1,53.8,38.0,0.0,1.4,0.0,122,1,86,560,0.0
2026-05-15 20:01:43,651065,650729,360,8.96,35.2,54.4,38.0,0.0,1.28,0.0,112,1,94,602,1.0
2026-05-15 20:01:44,652066,651729,360,14.94,35.2,54.4,38.0,0.0,1.27,0.0,155,1,80,549,0.0
2026-05-15 20:01:45,653140,652729,360,29.88,35.2,54.4,37.5,0.0,1.3,0.0,112,1,76,463,1.0
2026-05-15 20:01:46,654142,653729,360,44.82,35.2,54.4,37.5,0.0,1.26,0.0,115,1,81,556,1.0
2026-05-15 20:01:47,655217,654729,360,38.84,35.2,55.0,37.4,0.0,1.29,0.0,127,1,82,570,1.0
2026-05-15 20:01:48,656218,655729,360,38.84,35.2,55.0,37.4,0.0,1.32,0.0,134,1,88,563,1.0
2026-05-15 20:01:49,657293,656729,360,38.84,35.1,55.0,37.4,0.0,1.22,0.0,147,1,91,593,1.0
2026-05-15 20:01:50,658294,657729,360,35.86,35.1,55.0,37.4,0.0,1.34,0.0,144,1,87,595,1.0
2026-05-15 20:01:51,659369,658729,360,29.88,35.1,55.0,37.4,0.0,1.18,0.0,116,1,76,534,1.0
2026-05-15 20:01:52,660370,659729,360,23.9,35.1,55.0,37.4,0.0,1.39,0.0,112,1,86,595,1.0
2026-05-15 20:01:53,661445,660729,360,20.92,35.1,55.0,37.4,0.0,1.29,0.0,112,1,80,576,1.0
2026-05-15 20:01:54,662446,661729,360,23.9,35.1,55.0,37.4,0.0,1.22,0.0,103,1,74,564,1.0
2026-05-15 20:01:55,662446,662729,360,23.9,35.1,55.0,37.4,0.0,1.22,0.0,103,1,85,638,1.0
2026-05-15 20:01:56,664357,663729,360,44.82,35.1,55.0,37.4,0.0,1.35,0.0,98,1,79,528,1.0
2026-05-15 20:01:57,665358,665318,360,20.92,35.1,55.0,37.4,0.0,1.33,0.0,102,1,13,0,1.0
2026-05-15 20:01:58,666433,666318,360,20.92,35.1,55.0,37.4,0.0,1.29,0.0,94,1,16,0,1.0
2026-05-15 20:01:59,667434,667318,360,23.9,35.1,55.0,37.4,0.0,1.16,0.0,101,1,6,0,1.0
2026-05-15 20:02:00,668509,668318,360,26.89,35.1,55.0,37.4,0.0,1.19,0.0,99,1,17,0,1.0
2026-05-15 20:02:01,669510,669318,360,29.88,35.1,55.0,37.4,0.0,1.22,0.0,95,1,6,0,1.0
2026-05-15 20:02:02,670584,670318,360,29.88,35.1,54.4,37.4,0.0,1.46,0.0,91,1,11,0,1.0
2026-05-15 20:02:03,671585,671318,360,29.88,35.1,54.4,37.4,0.0,1.26,0.0,94,1,4,0,1.0
2026-05-15 20:02:04,671585,672318,360,29.88,35.1,54.4,37.4,0.0,1.26,0.0,94,1,13,0,1.0
2026-05-15 20:02:05,672659,673318,360,26.89,35.1,54.4,37.4,0.0,1.29,0.0,93,1,7,0,1.0
2026-05-15 20:02:06,673660,674318,360,26.89,35.1,54.4,37.4,0.0,1.43,0.0,95,1,7,0,1.0
2026-05-15 20:02:07,674734,675318,360,23.9,35.0,54.4,37.4,0.0,1.18,0.0,88,1,7,0,1.0
2026-05-15 20:02:08,675735,676318,360,23.9,35.0,54.4,37.4,0.0,1.26,0.0,82,1,16,0,1.0
2026-05-15 20:02:09,676809,677318,360,23.9,35.0,54.4,37.4,0.0,1.18,0.0,120,1,7,0,1.0
2026-05-15 20:02:10,677810,678318,360,32.87,35.0,54.4,37.4,0.0,1.34,0.0,80,1,7,0,1.0
2026-05-15 20:02:11,678884,679318,360,44.82,34.9,53.9,37.4,0.0,1.19,0.0,64,1,10,0,1.0
2026-05-15 20:02:12,680467,680318,360,59.76,34.9,53.9,37.4,0.0,1.34,0.0,84,1,11,0,1.0
2026-05-15 20:02:13,680467,680318,360,59.76,34.9,53.9,37.4,0.0,1.34,0.0,84,1,11,0,1.0
2026-05-15 20:02:14,681678,681907,360,29.88,34.8,0.0,0.0,0.0,1.19,0.0,81,1,31,48,1.0
2026-05-15 20:02:15,682679,682907,360,23.9,34.8,0.0,0.0,0.0,1.36,0.0,85,1,22,0,1.0
2026-05-15 20:02:16,683753,683907,360,14.94,34.7,53.8,36.9,0.0,1.51,0.0,77,1,23,0,0.0
2026-05-15 20:02:17,684754,684907,360,17.93,34.7,53.8,36.9,0.0,1.33,0.0,80,1,25,0,0.0
2026-05-15 20:02:18,685828,685907,360,11.95,34.5,53.3,36.9,0.0,1.29,0.0,80,1,25,0,0.0
2026-05-15 20:02:19,686829,686907,360,11.95,34.5,53.3,36.9,0.0,1.41,0.0,83,1,21,0,0.0
2026-05-15 20:02:20,687904,687907,360,8.96,34.4,53.2,36.9,0.0,1.23,0.0,85,1,16,0,0.0
2026-05-15 20:02:21,688905,688907,360,8.96,34.4,53.2,36.9,0.0,1.25,0.0,83,1,16,0,0.0
2026-05-15 20:02:22,689980,689907,360,8.96,34.3,53.2,36.9,0.0,1.26,0.0,80,1,16,0,0.0
2026-05-15 20:02:23,690981,690907,360,8.96,34.3,53.2,36.9,0.0,1.41,0.0,80,1,16,0,0.0
2026-05-15 20:02:24,692056,691907,360,5.98,34.2,52.7,36.9,0.0,1.27,0.0,80,1,16,0,1.0
2026-05-15 20:02:25,693057,692907,360,8.96,34.2,52.7,36.9,0.0,1.24,0.0,81,1,14,0,1.0
2026-05-15 20:02:26,694132,693907,360,5.98,34.0,52.7,36.3,0.0,1.32,0.0,80,1,14,0,1.0
2026-05-15 20:02:27,695133,694907,360,5.98,34.0,52.7,36.3,0.0,1.29,0.0,80,1,16,0,1.0
2026-05-15 20:02:28,695133,695907,360,5.98,34.0,52.7,36.3,0.0,1.29,0.0,80,1,16,0,1.0
2026-05-15 20:02:29,696926,696907,360,8.96,34.0,52.7,36.3,0.0,1.17,0.0,80,1,16,0,0.0
2026-05-15 20:02:30,697927,698495,360,2.99,34.0,52.7,36.3,0.0,1.31,0.0,70,1,81,566,1.0
2026-05-15 20:02:31,699002,699495,357,5.98,33.8,52.1,36.3,0.0,1.32,0.0,78,1,89,548,1.0
2026-05-15 20:02:32,700003,700495,295,0.0,33.8,52.1,36.3,0.0,1.29,0.0,82,1,91,541,1.0
2026-05-15 20:02:33,701078,701495,263,0.0,33.7,52.1,36.3,0.0,1.26,0.0,80,1,86,511,1.0
2026-05-15 20:02:34,702079,702495,240,0.0,33.7,52.1,36.3,0.0,1.31,0.0,80,1,80,526,1.0
2026-05-15 20:02:35,703154,703495,264,0.0,33.6,52.1,36.3,0.0,1.31,0.0,137,1,89,538,1.0
2026-05-15 20:02:36,704155,704495,268,0.0,33.6,52.1,36.3,0.0,1.46,0.0,71,1,90,615,1.0
2026-05-15 20:02:37,705230,705495,269,0.0,33.5,51.3,36.3,0.0,1.51,0.0,75,1,92,585,1.0
2026-05-15 20:02:38,706231,706495,271,0.0,33.5,51.3,36.3,0.0,1.5,0.0,65,1,82,538,1.0
2026-05-15 20:02:39,707306,707495,271,2.99,33.4,51.3,35.6,0.0,1.45,0.0,79,1,99,762,1.0
2026-05-15 20:02:40,708307,708495,273,0.0,33.4,51.3,35.6,0.0,1.32,0.0,71,1,113,813,1.0
2026-05-15 20:02:41,709382,709495,273,0.0,33.4,51.3,35.6,0.0,1.52,0.0,71,1,118,849,1.0
2026-05-15 20:02:42,710383,710495,272,5.98,33.4,51.3,35.6,0.0,1.34,0.0,75,1,116,825,1.0
2026-05-15 20:02:43,711457,711495,273,17.93,33.3,50.8,35.6,0.0,1.36,0.0,70,1,109,806,0.0
2026-05-15 20:02:44,711457,712495,273,17.93,33.3,50.8,35.6,0.0,1.36,0.0,70,1,109,773,0.0
2026-05-15 20:02:45,713236,713495,274,38.84,33.3,50.8,35.6,0.0,1.38,0.0,70,1,108,777,1.0
2026-05-15 20:02:46,714310,713495,274,17.93,33.2,50.8,35.6,0.62,1.43,0.88,69,1,108,777,1.0
2026-05-15 20:02:47,715311,715284,274,20.92,33.2,50.8,35.6,1.36,1.4,1.9,69,1,6,0,0.0
2026-05-15 20:02:48,716386,716284,274,17.93,33.1,50.3,35.6,0.7,1.5,1.05,66,1,9,0,1.0
2026-05-15 20:02:49,717387,717284,273,17.93,33.1,50.3,35.6,0.41,1.39,0.57,67,1,11,0,1.0
2026-05-15 20:02:50,718462,718284,275,11.95,33.0,50.3,35.6,0.88,1.34,1.18,80,1,9,0,1.0
2026-05-15 20:02:51,719463,719284,274,17.93,33.0,50.3,35.6,1.02,1.41,1.44,70,1,14,0,1.0
2026-05-15 20:02:52,720538,720284,274,17.93,32.9,50.3,35.2,1.4,1.39,1.95,74,1,14,0,0.0
2026-05-15 20:02:53,721539,721284,275,29.88,32.9,50.3,35.2,1.4,1.46,2.04,70,1,13,0,0.0
2026-05-15 20:02:54,722612,722284,275,26.89,32.8,49.8,35.2,1.47,1.43,2.11,69,1,5,0,0.0
2026-05-15 20:02:55,723613,723284,216,38.84,32.8,49.8,35.2,1.51,1.43,2.16,99,1,12,0,1.0
2026-05-15 20:02:56,724687,724284,203,44.82,32.7,49.8,35.2,1.52,1.36,2.07,91,1,18,0,1.0
2026-05-15 20:02:57,724687,725284,203,44.82,32.7,49.8,35.2,1.52,1.36,2.07,91,1,10,0,1.0
2026-05-15 20:02:58,725688,726284,215,47.81,32.7,49.8,35.2,1.51,1.46,2.21,65,1,18,0,0.0
2026-05-15 20:02:59,726762,727284,218,41.83,32.6,49.8,35.2,1.34,1.43,1.93,69,1,28,0,0.0
2026-05-15 20:03:00,727763,728284,218,32.87,32.6,49.8,35.2,0.0,1.33,0.0,59,1,16,0,1.0
2026-05-15 20:03:01,729283,729284,219,35.86,32.5,49.2,34.7,0.0,1.4,0.0,66,1,20,0,1.0
2026-05-15 20:03:02,730284,730284,219,20.92,32.5,49.2,34.7,0.0,1.42,0.0,62,1,6,0,0.0
2026-05-15 20:03:03,731358,730284,219,14.94,32.4,49.2,34.7,0.0,1.47,0.0,62,1,6,0,0.0
2026-05-15 20:03:04,732359,731878,220,14.94,32.4,49.2,34.7,0.0,1.32,0.0,64,1,10,0,0.0
2026-05-15 20:03:05,733434,732878,220,11.95,32.3,48.7,34.7,0.0,1.4,0.0,65,1,7,0,0.0
2026-05-15 20:03:06,734435,733878,221,14.94,32.3,48.7,34.7,0.41,1.42,0.58,67,1,11,0,1.0
2026-05-15 20:03:07,735510,734878,221,20.92,32.2,48.7,34.6,0.87,1.46,1.28,69,1,12,0,1.0
2026-05-15 20:03:08,736512,735878,222,29.88,32.2,48.7,34.6,0.0,1.5,0.0,65,1,11,0,1.0
2026-05-15 20:03:09,737586,736878,222,26.89,32.1,48.2,34.2,1.42,1.52,2.16,61,1,16,0,0.0
2026-05-15 20:03:10,738587,737878,222,32.87,32.1,48.2,34.2,1.43,1.43,2.04,69,1,14,0,0.0
2026-05-15 20:03:11,739661,738878,221,35.86,32.0,48.2,34.2,1.3,1.55,2.01,67,1,17,0,0.0
2026-05-15 20:03:12,740662,739878,221,35.86,32.0,48.2,34.2,0.62,1.4,0.87,46,1,15,0,1.0
2026-05-15 20:03:13,740662,740878,221,35.86,32.0,48.2,34.2,0.62,1.4,0.87,46,1,15,0,1.0
2026-05-15 20:03:14,741737,741878,222,29.88,31.9,47.6,34.2,0.6,1.37,0.83,66,1,14,0,1.0
2026-05-15 20:03:15,742738,742878,222,32.87,31.9,47.6,34.2,0.23,1.4,0.32,66,1,15,0,1.0
2026-05-15 20:03:16,743813,743878,222,26.89,31.7,47.6,34.2,0.36,1.45,0.53,64,1,16,0,1.0
2026-05-15 20:03:17,745389,744878,221,62.75,31.7,47.6,34.2,1.56,1.32,2.05,64,1,16,0,1.0
2026-05-15 20:03:18,746464,745878,222,41.83,31.7,47.1,33.8,1.49,1.39,2.07,71,1,25,0,0.0
2026-05-15 20:03:19,747465,746878,222,38.84,31.7,47.1,33.8,0.0,1.54,0.0,68,1,16,0,1.0
2026-05-15 20:03:20,748540,748497,220,26.89,31.5,47.1,33.8,0.0,1.36,0.0,65,1,27,0,1.0
2026-05-15 20:03:21,749541,749497,223,29.88,31.5,47.1,33.8,1.38,1.52,2.09,76,1,14,0,0.0
2026-05-15 20:03:22,750616,750497,223,32.87,31.4,46.4,33.8,1.46,1.38,2.02,71,1,16,0,1.0
2026-05-15 20:03:23,751617,751497,223,35.86,31.4,46.4,33.8,1.47,1.47,2.16,69,1,23,0,0.0
2026-05-15 20:03:24,752692,752497,223,35.86,31.3,46.2,33.3,1.41,1.35,1.9,67,1,29,0,1.0
2026-05-15 20:03:25,753693,753497,222,35.86,31.3,46.2,33.3,0.99,1.47,1.46,64,1,24,0,0.0
2026-05-15 20:03:26,753693,754497,222,35.86,31.3,46.2,33.3,0.99,1.47,1.46,64,1,28,0,0.0
2026-05-15 20:03:27,754768,755497,223,26.89,31.2,46.2,33.3,0.0,1.43,0.0,71,1,35,39,1.0
2026-05-15 20:03:28,755769,756497,218,26.89,31.2,46.2,33.3,1.49,1.36,2.02,67,1,37,47,1.0
2026-05-15 20:03:29,756844,757497,223,38.84,31.1,45.7,33.3,1.51,1.32,1.98,65,1,47,79,1.0
2026-05-15 20:03:30,757845,758497,223,44.82,31.1,45.7,33.3,1.5,1.41,2.12,69,1,48,113,0.0
2026-05-15 20:03:31,758920,759497,223,38.84,31.0,45.7,33.3,1.49,1.5,2.22,64,1,49,145,0.0
2026-05-15 20:03:32,759921,760497,223,38.84,31.0,45.7,33.3,1.47,1.44,2.13,64,1,51,174,0.0
2026-05-15 20:03:33,761643,761497,224,65.74,30.9,45.7,33.3,1.49,1.43,2.13,70,1,52,181,1.0
2026-05-15 20:03:34,762644,762497,223,32.87,30.9,45.7,33.3,1.3,1.32,1.71,69,1,51,207,0.0
2026-05-15 20:03:35,763719,763497,223,26.89,30.7,45.3,32.8,1.35,1.36,1.83,69,1,57,210,0.0
2026-05-15 20:03:36,764720,763497,223,23.9,30.7,45.3,32.8,1.37,1.59,2.17,64,1,57,210,0.0
2026-05-15 20:03:37,764720,765267,223,23.9,30.7,45.3,32.8,1.37,1.59,2.17,64,1,0,0,0.0
2026-05-15 20:03:38,765795,766267,222,20.92,30.6,45.3,32.8,0.8,1.32,1.06,65,1,2,0,1.0
2026-05-15 20:03:39,766796,767267,223,23.9,30.6,45.3,32.8,1.36,1.41,1.92,68,1,9,0,0.0
2026-05-15 20:03:40,767871,768267,223,26.89,30.5,44.8,32.8,1.01,1.36,1.37,65,1,7,0,0.0
2026-05-15 20:03:41,768872,769267,223,26.89,30.5,44.8,32.8,0.0,1.38,0.0,66,1,11,0,1.0
2026-05-15 20:03:42,769947,770267,223,29.88,30.5,44.8,32.8,1.54,1.43,2.2,71,1,8,0,1.0
2026-05-15 20:03:43,770948,771267,223,38.84,30.5,44.8,32.8,0.49,1.41,0.69,65,1,9,0,1.0
2026-05-15 20:03:44,772023,772267,223,32.87,30.3,44.8,32.3,1.35,1.62,2.19,66,1,16,0,0.0
2026-05-15 20:03:45,773024,773267,223,35.86,30.3,44.8,32.3,0.0,1.36,0.0,64,1,6,0,1.0
2026-05-15 20:03:46,774098,774267,224,38.84,30.2,44.4,32.3,1.3,1.58,2.06,63,1,13,0,0.0
2026-05-15 20:03:47,775099,775267,224,47.81,30.2,44.4,32.3,0.22,1.46,0.32,65,1,6,0,1.0
2026-05-15 20:03:48,776173,776267,224,35.86,30.2,44.4,32.3,0.0,1.32,0.0,65,1,14,0,1.0
2026-05-15 20:03:49,776173,777267,224,35.86,30.2,44.4,32.3,0.0,1.32,0.0,65,1,19,0,1.0
2026-05-15 20:03:50,777808,778267,223,41.83,30.2,44.4,32.3,0.0,1.37,0.0,64,1,18,0,1.0
2026-05-15 20:03:51,778882,779267,224,17.93,30.0,44.4,32.3,0.0,1.41,0.0,65,1,27,0,0.0
2026-05-15 20:03:52,779883,780267,224,17.93,30.0,44.4,32.3,0.0,1.43,0.0,64,1,25,0,0.0
2026-05-15 20:03:53,780958,780267,223,14.94,29.9,43.9,31.8,0.0,1.3,0.0,68,1,25,0,0.0
2026-05-15 20:03:54,781959,781849,223,11.95,29.9,43.9,31.8,0.0,1.39,0.0,39,1,138,815,0.0
2026-05-15 20:03:55,783034,782849,223,11.95,29.8,43.9,31.8,0.0,1.48,0.0,67,1,177,1105,0.0
2026-05-15 20:03:56,784035,783849,224,8.96,29.8,43.9,31.8,0.0,1.36,0.0,64,1,227,1427,1.0
2026-05-15 20:03:57,785110,784849,224,8.96,29.7,43.9,31.8,0.0,1.41,0.0,67,1,262,1681,1.0
2026-05-15 20:03:58,786111,785849,224,8.96,29.7,43.9,31.8,0.0,1.51,0.0,66,1,286,1853,1.0
2026-05-15 20:03:59,787186,786849,223,5.98,29.6,43.5,31.8,0.0,1.43,0.0,65,1,303,2002,1.0
2026-05-15 20:04:00,788187,787849,223,8.96,29.6,43.5,31.8,0.0,1.41,0.0,57,1,336,2218,1.0
2026-05-15 20:04:01,789262,788849,224,5.98,29.6,43.5,31.8,0.0,1.66,0.0,64,1,334,2351,1.0
2026-05-15 20:04:02,790263,789849,223,5.98,29.6,43.5,31.8,0.0,1.5,0.0,64,1,343,2512,1.0
2026-05-15 20:04:03,791338,790849,229,5.98,29.5,43.5,31.8,0.0,1.44,0.0,66,1,390,2639,1.0
2026-05-15 20:04:04,792339,791849,223,5.98,29.5,43.5,31.8,0.0,1.71,0.0,49,1,385,2742,1.0
2026-05-15 20:04:05,792339,792849,223,5.98,29.5,43.5,31.8,0.0,1.71,0.0,49,1,423,2873,1.0
2026-05-15 20:04:06,794001,793849,224,8.96,29.4,43.0,31.8,0.0,1.47,0.0,118,1,432,2954,1.0
2026-05-15 20:04:07,795002,794849,223,2.99,29.4,43.0,31.8,0.0,1.69,0.0,56,1,437,2928,1.0
2026-05-15 20:04:08,796076,795849,223,5.98,29.4,43.0,31.3,0.0,1.55,0.0,62,1,452,3145,1.0
2026-05-15 20:04:09,797078,796849,224,2.99,29.4,43.0,31.3,0.0,1.55,0.0,63,1,451,3175,1.0
2026-05-15 20:04:10,798152,798705,224,2.99,29.3,43.0,31.3,0.0,1.46,0.0,65,1,204,1274,1.0
2026-05-15 20:04:11,799154,799705,190,0.0,29.3,43.0,31.3,0.0,1.5,0.0,64,1,227,1453,1.0
2026-05-15 20:04:12,800229,800705,184,0.0,29.3,42.5,31.3,0.0,1.45,0.0,64,1,263,1676,1.0
2026-05-15 20:04:13,801231,801705,189,2.99,29.3,42.5,31.3,0.0,1.43,0.0,62,1,285,1842,1.0
2026-05-15 20:04:14,802306,802705,189,0.0,29.2,42.5,31.3,0.0,1.37,0.0,65,1,289,1874,1.0
2026-05-15 20:04:15,803308,803705,190,0.0,29.2,42.5,31.3,0.0,1.43,0.0,91,1,283,1815,1.0
2026-05-15 20:04:16,804383,804705,190,0.0,29.2,42.5,31.3,0.0,1.38,0.0,65,1,278,1807,1.0
2026-05-15 20:04:17,805385,805705,191,0.0,29.2,42.5,31.3,0.0,1.53,0.0,58,1,258,1729,1.0
2026-05-15 20:04:18,806459,806705,190,0.0,29.1,42.0,31.3,0.0,1.58,0.0,67,1,288,1871,1.0
2026-05-15 20:04:19,807461,807705,191,0.0,29.1,42.0,31.3,0.0,1.44,0.0,64,1,306,2035,1.0
2026-05-15 20:04:20,808535,808705,190,0.0,29.0,42.0,31.3,0.0,1.38,0.0,65,1,313,2097,1.0
2026-05-15 20:04:21,808535,809705,190,0.0,29.0,42.0,31.3,0.0,1.38,0.0,65,1,333,2128,1.0
2026-05-15 20:04:22,810109,810705,191,0.0,29.0,42.0,31.3,0.0,1.44,0.0,67,1,326,2119,1.0
2026-05-15 20:04:23,811183,811705,191,0.0,29.0,42.0,31.3,0.0,1.48,0.0,59,1,338,2222,1.0
2026-05-15 20:04:24,812185,812705,193,0.0,29.0,42.0,31.3,0.0,1.62,0.0,64,1,357,2347,1.0
2026-05-15 20:04:25,813260,813705,191,0.0,28.9,41.6,31.3,0.0,1.48,0.0,67,1,373,2491,1.0
2026-05-15 20:04:26,814262,813705,191,0.0,28.9,41.6,31.3,0.0,1.47,0.0,71,1,373,2491,1.0
2026-05-15 20:04:27,815337,815235,191,0.0,28.9,41.6,31.3,0.0,1.4,0.0,62,1,1,0,1.0
2026-05-15 20:04:28,816339,816235,192,0.0,28.9,41.6,31.3,0.0,1.41,0.0,64,1,3,0,1.0
2026-05-15 20:04:29,817414,817235,191,0.0,28.9,41.6,31.3,0.0,1.37,0.0,62,1,4,0,1.0
2026-05-15 20:04:30,818416,818235,191,0.0,28.9,41.6,31.3,0.0,1.32,0.0,25,1,5,0,1.0
2026-05-15 20:04:31,819490,819235,192,0.0,28.8,41.1,30.8,0.0,1.51,0.0,60,1,3,0,1.0
2026-05-15 20:04:32,820491,820235,192,0.0,28.8,41.1,30.8,0.0,1.46,0.0,64,1,2,0,1.0
2026-05-15 20:04:33,821565,821235,191,0.0,28.8,41.1,30.8,0.0,1.59,0.0,64,1,3,0,1.0
2026-05-15 20:04:34,822566,822235,191,0.0,28.8,41.1,30.8,0.0,1.43,0.0,62,1,6,0,1.0
2026-05-15 20:04:35,823640,823235,191,0.0,28.8,41.1,30.8,0.0,1.52,0.0,66,1,6,0,1.0
2026-05-15 20:04:36,824641,824235,192,0.0,28.8,41.1,30.8,0.0,1.4,0.0,65,1,10,0,1.0
2026-05-15 20:04:37,824641,825235,192,0.0,28.8,41.1,30.8,0.0,1.4,0.0,65,1,9,0,1.0
2026-05-15 20:04:38,826359,826235,192,0.0,28.7,41.1,30.8,0.0,1.39,0.0,63,1,15,0,1.0
2026-05-15 20:04:39,827360,827235,192,0.0,28.7,41.1,30.8,0.0,1.41,0.0,64,1,15,0,1.0
2026-05-15 20:04:40,828434,828235,192,0.0,28.7,40.6,30.8,0.0,1.47,0.0,63,1,17,0,1.0
2026-05-15 20:04:41,829435,829235,192,0.0,28.7,40.6,30.8,0.0,1.39,0.0,62,1,16,0,1.0
2026-05-15 20:04:42,830509,830235,192,0.0,28.7,40.6,30.8,0.0,1.44,0.0,64,1,16,0,1.0
2026-05-15 20:04:43,831510,831821,192,0.0,28.7,40.6,30.8,0.0,1.56,0.0,62,1,374,2500,1.0
2026-05-15 20:04:44,832584,832821,191,0.0,28.6,40.6,30.8,0.0,1.43,0.0,60,1,395,2595,1.0
2026-05-15 20:04:45,833585,833821,192,0.0,28.6,40.6,30.8,0.0,1.57,0.0,66,1,415,2736,1.0
2026-05-15 20:04:47,834659,834821,192,0.0,28.6,40.1,30.8,0.0,1.53,0.0,64,1,438,2858,1.0
2026-05-15 20:04:48,835660,835821,192,0.0,28.6,40.1,30.8,0.0,1.4,0.0,66,1,457,2972,1.0
2026-05-15 20:04:49,836734,836821,192,0.0,28.6,40.1,30.8,0.0,1.49,0.0,64,1,470,3155,1.0
2026-05-15 20:04:50,837735,837821,192,0.0,28.6,40.1,30.8,0.0,1.41,0.0,69,1,478,3237,1.0
2026-05-15 20:04:51,838809,838821,191,0.0,28.5,40.1,30.8,0.0,1.41,0.0,67,1,482,3408,1.0
2026-05-15 20:04:52,839810,839821,191,0.0,28.5,40.1,30.8,0.0,1.67,0.0,58,1,454,3323,1.0
2026-05-15 20:04:53,839810,840821,191,0.0,28.5,40.1,30.8,0.0,1.67,0.0,58,1,431,3201,1.0
2026-05-15 20:04:54,840885,841821,192,0.0,28.5,39.6,30.8,0.0,1.45,0.0,67,1,394,3008,1.0
2026-05-15 20:04:55,842466,842821,192,0.0,28.5,39.6,30.8,0.0,1.53,0.0,67,1,335,2770,1.0
2026-05-15 20:04:56,843540,843821,191,0.0,28.5,39.5,30.8,0.0,1.46,0.0,66,1,281,2518,1.0
2026-05-15 20:04:57,844541,844821,192,0.0,28.5,39.5,30.8,0.0,1.58,0.0,64,1,228,2229,1.0
2026-05-15 20:04:58,845615,845821,192,0.0,28.5,39.5,30.8,0.0,1.48,0.0,67,1,141,1750,1.0
2026-05-15 20:04:59,846616,846821,191,0.0,28.5,39.5,30.8,0.0,1.41,0.0,64,1,99,1338,1.0
2026-05-15 20:05:00,847690,846821,192,0.0,28.5,39.5,30.8,0.0,1.44,0.0,66,1,99,1338,1.0
2026-05-15 20:05:01,848691,848411,192,0.0,28.5,39.5,30.8,0.0,1.35,0.0,59,1,135,766,1.0
2026-05-15 20:05:02,849765,849411,192,0.0,28.4,39.0,30.8,0.0,1.36,0.0,69,1,176,1078,1.0
2026-05-15 20:05:03,850766,850411,192,0.0,28.4,39.0,30.8,0.0,1.33,0.0,59,1,240,1469,1.0
2026-05-15 20:05:04,851840,851411,192,0.0,28.4,39.0,30.8,0.0,1.35,0.0,64,1,304,1911,1.0
2026-05-15 20:05:05,851840,852411,192,0.0,28.4,39.0,30.8,0.0,1.35,0.0,64,1,357,2241,1.0
2026-05-15 20:05:06,852841,853411,192,0.0,28.4,39.0,30.8,0.0,1.4,0.0,68,1,388,2517,1.0
2026-05-15 20:05:07,853915,854411,192,0.0,28.4,39.0,30.8,0.0,1.32,0.0,15,1,415,2707,1.0
2026-05-15 20:05:08,854916,855411,191,0.0,28.4,39.0,30.8,0.0,1.39,0.0,65,1,449,2966,1.0
2026-05-15 20:05:09,855990,856411,192,0.0,28.4,39.0,30.8,0.0,1.61,0.0,59,1,466,3148,1.0
2026-05-15 20:05:10,856991,857411,192,0.0,28.4,39.0,30.8,0.0,1.34,0.0,64,1,487,3262,1.0
2026-05-15 20:05:11,858514,858411,192,0.0,28.3,38.5,30.8,0.0,1.46,0.0,69,1,487,3315,1.0
2026-05-15 20:05:12,859515,859411,191,0.0,28.3,38.5,30.8,0.0,1.32,0.0,48,1,496,3330,1.0
2026-05-15 20:05:13,860590,860411,192,0.0,28.3,38.5,30.5,0.0,1.56,0.0,60,1,499,3389,1.0
2026-05-15 20:05:14,861592,861411,193,0.0,28.3,38.5,30.5,0.0,1.53,0.0,62,1,492,3462,1.0
2026-05-15 20:05:15,862667,862411,192,0.0,28.3,38.5,30.2,0.0,1.33,0.0,64,1,441,3106,1.0
2026-05-15 20:05:16,863668,863411,191,0.0,28.3,38.5,30.2,0.0,1.38,0.0,62,1,490,3392,1.0
2026-05-15 20:05:17,864743,863411,193,0.0,28.3,38.5,30.2,0.0,1.5,0.0,62,1,490,3392,1.0
2026-05-15 20:05:18,865744,864998,192,0.0,28.3,38.5,30.2,0.0,1.43,0.0,61,1,0,0,1.0
2026-05-15 20:05:19,866818,865998,193,0.0,28.2,38.0,30.2,0.0,1.32,0.0,61,1,0,0,1.0
2026-05-15 20:05:20,867819,866998,193,0.0,28.2,38.0,30.2,0.0,1.52,0.0,176,1,0,0,1.0
2026-05-15 20:05:21,867819,867998,193,0.0,28.2,38.0,30.2,0.0,1.52,0.0,176,1,0,0,1.0
2026-05-15 20:05:22,868893,868998,195,0.0,28.2,38.0,30.2,0.0,1.5,0.0,63,1,0,0,1.0
2026-05-15 20:05:23,869894,869998,192,0.0,28.2,38.0,30.2,0.0,1.33,0.0,64,1,0,0,1.0
2026-05-15 20:05:24,870968,870998,193,0.0,28.2,38.0,30.2,0.0,1.46,0.0,61,1,5,0,1.0
2026-05-15 20:05:25,871969,871998,192,0.0,28.2,38.0,30.2,0.0,1.33,0.0,66,1,9,0,1.0
2026-05-15 20:05:26,873043,872998,192,0.0,28.2,38.0,30.2,0.0,1.46,0.0,67,1,9,0,1.0
2026-05-15 20:05:27,874616,873998,192,0.0,28.2,38.0,30.2,0.0,1.44,0.0,60,1,9,0,1.0
2026-05-15 20:05:28,875690,874998,192,0.0,28.2,37.4,30.2,0.0,1.5,0.0,58,1,5,0,1.0
2026-05-15 20:05:29,876691,875998,193,0.0,28.2,37.4,30.2,0.0,1.45,0.0,58,1,11,0,1.0
2026-05-15 20:05:30,877765,876998,194,0.0,28.1,37.4,30.2,0.0,1.47,0.0,64,1,11,0,1.0
2026-05-15 20:05:31,878766,877998,192,0.0,28.1,37.4,30.2,0.0,1.39,0.0,57,1,11,0,1.0
2026-05-15 20:05:32,879840,878998,192,0.0,28.1,37.4,30.2,0.0,1.56,0.0,64,1,15,0,1.0
2026-05-15 20:05:33,880841,879998,193,0.0,28.1,37.4,30.2,0.0,1.33,0.0,65,1,14,0,1.0
2026-05-15 20:05:34,880841,881587,193,0.0,28.1,37.4,30.2,0.0,1.33,0.0,65,1,491,3417,1.0
2026-05-15 20:05:35,881915,882587,192,0.0,28.0,37.4,30.2,0.0,1.46,0.0,64,1,483,3319,1.0
2026-05-15 20:05:36,882916,883587,192,0.0,28.0,37.4,30.2,0.0,1.33,0.0,65,1,475,3361,1.0
2026-05-15 20:05:37,883990,884587,192,0.0,28.0,36.9,30.2,0.0,1.44,0.0,70,1,466,3324,1.0
2026-05-15 20:05:38,884991,885587,193,0.0,28.0,36.9,30.2,0.0,1.27,0.0,74,1,413,3276,1.0
2026-05-15 20:05:39,886065,886587,192,0.0,28.0,36.9,30.2,0.0,1.52,0.0,61,1,448,3274,1.0
2026-05-15 20:05:40,887066,887587,192,0.0,28.0,36.9,30.2,0.0,1.36,0.0,64,1,432,3168,1.0
2026-05-15 20:05:41,888140,888587,193,0.0,28.0,36.9,30.2,0.0,1.48,0.0,66,1,399,2982,1.0
2026-05-15 20:05:42,889141,889587,192,0.0,28.0,36.9,30.2,0.0,1.29,0.0,59,1,348,2808,1.0
2026-05-15 20:05:43,889141,890587,192,0.0,28.0,36.9,30.2,0.0,1.29,0.0,59,1,329,2689,1.0
2026-05-15 20:05:44,891481,891587,192,0.0,28.0,36.9,30.2,0.0,1.48,0.0,62,1,311,2595,1.0
2026-05-15 20:05:45,892482,892587,192,0.0,28.0,36.9,30.2,0.0,1.48,0.0,64,1,288,2441,1.0
2026-05-15 20:05:46,893556,893587,192,0.0,27.9,36.3,30.2,0.0,1.36,0.0,66,1,279,2422,1.0
2026-05-15 20:05:47,894557,894587,194,0.0,27.9,36.3,30.2,0.0,1.36,0.0,64,1,208,2191,1.0
2026-05-15 20:05:48,895631,895587,193,0.0,27.9,36.3,30.2,0.0,1.4,0.0,59,1,181,1871,1.0
2026-05-15 20:05:49,896633,896587,192,0.0,27.9,36.3,30.2,0.0,1.43,0.0,64,1,129,1511,1.0
2026-05-15 20:05:50,897707,896587,192,0.0,27.9,36.3,30.2,0.0,1.45,0.0,58,1,129,1511,1.0
2026-05-15 20:05:51,898709,898176,192,0.0,27.9,36.3,30.2,0.0,1.41,0.0,64,1,64,160,1.0
2026-05-15 20:05:52,899783,899176,192,0.0,27.9,36.3,30.2,0.0,1.59,0.0,61,1,71,222,1.0
2026-05-15 20:05:53,900785,900176,192,0.0,27.9,36.3,30.2,0.0,1.5,0.0,64,1,85,349,1.0
2026-05-15 20:05:54,901860,901176,193,0.0,27.8,35.6,30.2,0.0,1.46,0.0,62,1,117,539,1.0
2026-05-15 20:05:55,902862,902176,193,0.0,27.8,35.6,30.2,0.0,1.46,0.0,39,1,134,688,1.0
2026-05-15 20:05:56,902862,903176,193,0.0,27.8,35.6,30.2,0.0,1.46,0.0,39,1,160,832,1.0
2026-05-15 20:05:57,903937,904176,192,0.0,27.8,35.6,30.2,0.0,1.42,0.0,64,1,166,1002,1.0
2026-05-15 20:05:58,904939,905176,192,0.0,27.8,35.6,30.2,0.0,1.6,0.0,58,1,194,1107,1.0
2026-05-15 20:05:59,906014,906176,192,0.0,27.8,35.6,30.2,0.0,1.53,0.0,64,1,208,1159,1.0
2026-05-15 20:06:00,907593,907176,192,0.0,27.8,35.6,30.2,0.0,1.62,0.0,54,1,208,1201,1.0
2026-05-15 20:06:01,908668,908176,192,0.0,27.8,35.6,30.2,0.0,1.59,0.0,57,1,221,1290,1.0
2026-05-15 20:06:02,909670,909176,192,0.0,27.8,35.6,30.2,0.0,1.64,0.0,59,1,245,1462,1.0
2026-05-15 20:06:03,910745,910176,192,0.0,27.7,35.6,30.2,0.0,1.63,0.0,35,1,270,1624,1.0
2026-05-15 20:06:04,911747,911176,192,0.0,27.7,35.6,30.2,0.0,1.56,0.0,59,1,276,1679,1.0
2026-05-15 20:06:05,912821,912176,193,0.0,27.7,35.2,30.2,0.0,1.53,0.0,62,1,281,1717,1.0
2026-05-15 20:06:06,913823,913176,193,0.0,27.7,35.2,30.2,0.0,1.51,0.0,57,1,296,1771,1.0
2026-05-15 20:06:07,914897,914765,192,0.0,27.7,35.2,29.8,0.0,1.38,0.0,60,1,0,0,1.0
2026-05-15 20:06:08,915898,915765,192,0.0,27.7,35.2,29.8,0.0,1.59,0.0,59,1,0,0,1.0
2026-05-15 20:06:09,915898,916765,192,0.0,27.7,35.2,29.8,0.0,1.59,0.0,59,1,0,0,1.0
2026-05-15 20:06:10,916972,917765,192,0.0,27.7,35.2,29.8,0.0,1.53,0.0,58,1,0,0,1.0
2026-05-15 20:06:11,917973,918765,193,0.0,27.7,35.2,29.8,0.0,1.47,0.0,64,1,0,0,1.0
2026-05-15 20:06:12,919047,919765,192,0.0,27.7,35.2,29.8,0.0,1.53,0.0,63,1,0,0,1.0
2026-05-15 20:06:13,920048,920765,192,0.0,27.7,35.2,29.8,0.0,1.5,0.0,63,1,0,0,1.0
2026-05-15 20:06:14,921122,921765,192,0.0,27.6,35.2,29.8,0.0,1.49,0.0,73,1,0,0,1.0
2026-05-15 20:06:15,922123,922765,192,0.0,27.6,35.2,29.8,0.0,1.5,0.0,64,1,0,0,1.0
2026-05-15 20:06:16,922123,923765,192,0.0,27.6,35.2,29.8,0.0,1.5,0.0,64,1,0,0,1.0
2026-05-15 20:06:17,924047,924765,193,0.0,27.6,34.7,29.8,0.0,1.5,0.0,64,1,0,0,1.0
2026-05-15 20:06:18,925048,925765,192,0.0,27.6,34.7,29.8,0.0,1.62,0.0,54,1,7,0,1.0
2026-05-15 20:06:19,926123,926765,194,0.0,27.6,34.7,29.8,0.0,1.39,0.0,63,1,2,0,1.0
2026-05-15 20:06:20,927124,927765,191,0.0,27.6,34.7,29.8,0.0,1.45,0.0,55,1,0,0,1.0
2026-05-15 20:06:21,928199,928765,191,0.0,27.5,34.7,29.8,0.0,1.5,0.0,64,1,3,0,1.0
2026-05-15 20:06:22,929200,929765,192,0.0,27.5,34.7,29.8,0.0,1.53,0.0,61,1,6,0,1.0
2026-05-15 20:06:23,930275,929765,192,0.0,27.5,34.7,29.8,0.0,1.68,0.0,64,1,6,0,1.0
2026-05-15 20:06:24,931276,931353,192,0.0,27.5,34.7,29.8,0.0,1.55,0.0,61,1,414,2657,1.0
2026-05-15 20:06:25,932351,932353,192,0.0,27.5,34.7,29.8,0.0,1.51,0.0,63,1,410,2559,1.0
2026-05-15 20:06:26,933352,933353,192,0.0,27.5,34.7,29.8,0.0,1.53,0.0,57,1,410,2528,1.0
2026-05-15 20:06:27,934426,934353,193,0.0,27.5,34.2,29.8,0.0,1.64,0.0,51,1,403,2515,1.0
2026-05-15 20:06:28,935427,935353,192,0.0,27.5,34.2,29.8,0.0,1.46,0.0,65,1,407,2546,1.0
2026-05-15 20:06:29,936501,936353,193,0.0,27.5,34.2,29.8,0.0,1.47,0.0,66,1,411,2588,1.0
2026-05-15 20:06:30,937502,937353,192,0.0,27.5,34.2,29.8,0.0,1.74,0.0,58,1,419,2599,1.0
2026-05-15 20:06:31,938576,938353,193,0.0,27.5,34.2,29.8,0.0,1.42,0.0,62,1,417,2608,1.0
2026-05-15 20:06:32,938576,939353,193,0.0,27.5,34.2,29.8,0.0,1.42,0.0,62,1,412,2592,1.0
2026-05-15 20:06:33,940157,940353,193,0.0,27.5,34.2,29.8,0.0,1.51,0.0,64,1,409,2555,1.0
2026-05-15 20:06:34,941231,941353,193,0.0,27.5,34.2,29.8,0.0,1.51,0.0,55,1,407,2544,1.0
2026-05-15 20:06:35,942232,942353,193,0.0,27.5,34.2,29.8,0.0,1.5,0.0,62,1,413,2585,1.0
2026-05-15 20:06:36,943306,943353,191,0.0,27.4,34.2,29.8,0.0,1.6,0.0,65,1,426,2610,1.0
2026-05-15 20:06:37,944307,944353,193,0.0,27.4,34.2,29.8,0.0,1.45,0.0,58,1,426,2674,1.0
2026-05-15 20:06:38,945381,945353,192,0.0,27.4,33.8,29.8,0.0,1.41,0.0,64,1,432,2701,1.0
2026-05-15 20:06:39,946382,946353,192,0.0,27.4,33.8,29.8,0.0,1.47,0.0,62,1,432,2695,1.0
2026-05-15 20:06:40,947456,947942,193,0.0,27.4,33.8,29.8,0.0,1.46,0.0,3,1,0,0,1.0
