board_millis,wind_direction_deg,wind_speed_kmh,dht1_temp_c,dht2_temp_c,turbine_voltage_v,turbine_current_a,turbine_power_w,predicted_failure
203,246,100.13,22.6,23.0,0.0,0.97,0.0,0
203,241,0.0,22.4,23.0,0.0,0.63,0.0,0
5254,244,0.0,22.4,23.0,0.0,0.62,0.0,0
10304,249,99.69,22.4,23.0,0.0,0.69,0.0,0
15354,243,100.01,22.5,23.0,0.0,0.41,0.0,0
20404,243,100.01,22.5,23.0,0.0,0.7,0.0,0
25454,244,99.84,22.5,23.0,1.32,0.76,1.0,0
30504,243,0.0,22.5,23.0,1.4,0.55,0.77,0
35554,243,99.98,22.5,23.0,1.44,0.57,0.82,0
40604,244,100.56,22.5,23.0,0.0,0.63,0.0,0
45654,243,100.18,22.5,23.0,1.17,0.64,0.75,0
50704,243,100.15,22.6,23.0,1.32,0.54,0.71,0
55754,243,99.69,22.6,23.0,1.4,0.68,0.95,0
60804,244,100.07,22.6,23.0,1.46,0.63,0.92,0
65854,243,100.13,22.7,23.0,1.3,0.62,0.81,0
70904,243,100.18,22.7,23.0,1.22,0.62,0.75,0
75954,243,100.01,22.8,23.0,0.0,0.58,0.0,0
81004,246,99.66,22.8,23.0,0.0,0.55,0.0,0
86054,243,100.24,22.8,23.0,0.0,0.64,0.0,0
91104,244,100.13,22.8,23.0,0.0,0.65,0.0,0
96154,243,99.64,22.8,23.4,0.0,0.63,0.0,0
101205,242,0.0,22.8,23.4,1.2,0.68,0.81,0
106256,244,100.1,22.9,23.4,1.25,0.69,0.86,0
111307,243,100.07,22.9,23.4,1.25,0.73,0.91,0
116358,246,100.1,22.9,23.4,1.21,0.67,0.81,0
121409,245,100.21,22.9,23.4,1.1,0.62,0.68,0
126460,243,0.0,22.9,23.4,1.0,0.58,0.57,0
131511,243,0.0,23.0,23.4,1.3,0.7,0.91,0
136562,243,100.1,23.1,23.4,1.24,0.65,0.81,0
141613,243,100.1,23.1,23.4,1.31,0.57,0.75,0
146664,243,100.24,23.1,23.4,1.22,0.73,0.89,0
151715,243,100.07,23.1,23.4,1.28,0.57,0.73,0
219,243,0.0,23.2,23.4,0.81,0.75,0.6,0
5270,243,100.1,23.2,23.4,1.29,0.69,0.89,0
10321,243,0.0,23.2,23.4,1.35,0.62,0.84,0
15440,243,100.01,0.0,23.4,1.2,0.75,0.9,0
20491,241,0.0,23.2,23.4,1.24,0.69,0.85,0
25542,244,100.01,23.3,23.4,1.29,0.66,0.85,0
30593,243,100.15,23.3,23.4,1.28,0.79,1.02,0
219,243,100.27,23.3,23.4,1.28,0.62,0.8,0
5270,241,100.5,23.4,23.4,1.3,0.76,0.98,0
10321,243,100.13,23.4,23.4,1.23,0.62,0.76,0
15372,246,99.92,23.5,23.4,1.12,0.57,0.64,0
20423,244,100.18,23.5,23.4,1.25,0.55,0.69,0
25474,244,100.07,23.5,23.4,1.21,0.61,0.73,0
30525,244,100.18,23.5,23.4,1.31,0.57,0.74,0
35576,244,0.0,23.5,23.4,1.22,0.62,0.75,0
40627,245,100.18,23.5,23.4,1.29,0.64,0.83,0
45678,244,100.15,23.5,23.4,1.32,0.69,0.91,0
50729,243,100.27,23.5,23.4,0.95,0.72,0.68,0
55780,243,100.15,23.5,23.4,1.3,0.69,0.9,0
60831,242,100.13,23.5,23.4,1.3,0.72,0.93,0
65882,244,100.38,23.5,23.1,1.33,0.62,0.83,0
70932,242,99.69,23.5,23.0,1.32,0.83,1.1,0
75982,244,100.3,23.5,23.0,1.34,0.53,0.71,0
81032,244,100.07,23.4,23.0,1.3,0.62,0.81,0
86082,243,100.07,23.4,23.0,0.99,0.63,0.63,0
91132,243,100.21,23.4,23.0,1.4,0.55,0.76,0
96182,243,100.04,23.5,23.0,1.35,0.76,1.03,0
101232,239,100.36,23.4,23.0,1.25,0.58,0.73,0
106282,243,100.24,23.4,23.0,0.0,0.68,0.0,0
111332,241,100.15,23.4,23.0,0.0,0.71,0.0,0
116382,244,100.07,23.4,23.0,1.11,0.73,0.81,0
121432,241,0.0,23.4,23.0,1.19,0.72,0.85,0
126482,243,0.0,23.5,23.0,1.3,0.57,0.74,0
131532,244,100.24,23.5,23.0,1.25,0.48,0.6,0
136582,243,100.15,23.5,23.0,1.29,0.39,0.5,0
141632,243,100.1,23.5,23.0,1.36,0.66,0.9,0
146682,244,100.18,23.5,23.0,1.25,0.48,0.6,0
151732,243,100.13,23.5,23.0,1.27,0.71,0.9,0
156782,243,100.1,23.5,23.0,1.25,0.69,0.86,0
161832,242,100.18,23.5,23.0,1.27,0.75,0.96,0
166882,241,100.18,23.6,23.0,1.29,0.62,0.8,0
171932,246,100.1,23.5,23.0,0.0,0.61,0.0,0
176982,243,100.13,23.5,23.0,0.0,0.52,0.0,0
182032,244,99.98,23.5,23.0,0.0,0.84,0.0,0
187082,245,0.0,23.5,23.0,0.45,0.76,0.34,0
192132,137,100.07,23.5,23.0,1.35,0.54,0.73,0
197182,136,100.01,23.5,23.0,0.77,0.63,0.49,0
202232,137,100.1,23.5,23.0,0.51,0.37,0.19,0
207282,137,100.13,23.5,23.0,0.0,0.55,0.0,0
212332,136,100.04,23.5,23.0,0.0,0.62,0.0,0
217382,137,0.0,23.5,23.0,1.25,0.67,0.83,0
222432,137,99.64,23.4,23.0,1.22,0.59,0.72,0
227482,134,99.61,23.4,23.4,1.28,0.65,0.83,0
232533,136,0.0,23.4,23.4,1.38,0.55,0.76,0
237584,132,100.13,23.4,23.4,1.34,0.76,1.02,0
242635,134,99.43,23.4,23.4,0.99,0.68,0.67,0
247686,134,100.36,23.3,23.4,1.4,0.69,0.96,0
252737,134,99.81,23.3,23.4,1.09,0.63,0.69,0
257788,136,99.06,23.3,23.4,1.33,0.62,0.83,0
262839,134,100.18,23.3,23.4,1.27,0.62,0.79,0
267890,137,100.13,23.3,23.4,1.27,0.63,0.8,0
272941,138,0.0,23.3,23.4,1.39,0.58,0.8,0
277992,137,100.07,23.2,23.8,1.34,0.77,1.04,0
283043,136,100.01,23.2,23.8,1.5,0.44,0.66,0
288094,137,100.01,23.2,23.8,1.45,0.74,1.07,0
293145,136,100.1,23.2,23.8,1.28,0.74,0.95,0
298196,137,100.01,23.2,23.8,1.37,0.57,0.78,0
303247,137,100.3,23.2,23.8,0.43,0.76,0.33,0
308298,136,100.13,23.2,23.8,0.29,0.59,0.17,0
313349,134,0.0,23.3,23.8,1.16,0.76,0.89,0
318400,137,100.01,23.3,23.8,1.35,0.76,1.03,0
323451,137,100.01,23.3,23.8,1.35,0.61,0.82,0
328502,136,99.78,23.3,23.8,1.31,0.68,0.89,0
333553,136,99.69,23.3,23.8,1.25,0.78,0.97,0
338604,137,100.01,23.3,23.8,1.34,0.59,0.8,0
343655,134,100.01,23.3,23.8,1.41,0.7,0.99,0
348706,122,100.41,23.3,23.8,1.34,0.55,0.74,0
353757,136,100.27,23.3,23.8,1.02,0.68,0.69,0
358808,136,100.04,23.3,24.1,1.3,0.69,0.89,0
363858,136,100.36,23.3,24.1,0.34,0.7,0.24,0
368908,136,99.84,23.3,24.1,0.28,1.25,0.34,0
373958,136,100.07,23.3,24.1,1.37,0.74,1.01,0
379008,136,99.92,23.3,24.1,1.45,0.62,0.9,0
384058,136,100.07,23.3,24.1,0.74,1.05,0.78,0
389108,132,100.13,23.3,24.1,0.73,0.63,0.46,0
394158,137,100.1,23.2,24.1,0.63,0.83,0.52,0
399208,136,100.24,23.2,24.1,0.0,0.62,0.0,0
404258,136,99.95,23.2,24.1,1.4,0.68,0.95,0
409308,84,100.13,23.2,24.1,1.13,0.72,0.81,0
414358,83,99.95,23.4,24.1,1.35,0.55,0.75,0
419408,84,99.95,23.4,24.1,1.2,0.69,0.82,0
424458,84,100.1,23.6,24.1,1.45,0.49,0.71,0
429508,84,99.64,23.7,24.1,1.4,0.76,1.06,0
434558,84,99.95,23.7,24.1,0.0,0.73,0.0,0
439608,85,0.0,23.8,24.1,0.0,0.62,0.0,0
444658,84,100.13,23.8,24.1,0.0,0.39,0.0,0
449708,84,100.07,23.9,24.1,0.0,0.69,0.0,0
454758,84,100.01,23.9,24.1,0.0,0.62,0.0,0
459808,84,99.92,23.9,24.1,0.0,0.42,0.0,0
464858,85,99.98,23.9,24.1,1.27,0.73,0.92,0
469908,84,100.07,23.9,24.1,0.98,0.56,0.55,0
474958,84,100.1,23.9,24.1,0.54,0.74,0.4,0
480008,84,99.98,23.8,24.1,1.2,0.68,0.81,0
485058,84,100.04,23.8,24.1,1.27,0.58,0.73,0
490108,82,100.18,23.8,24.1,0.76,0.66,0.5,0
495158,84,100.07,23.7,24.1,1.26,0.62,0.78,0
500208,87,100.41,23.6,24.1,1.36,0.62,0.85,0
505258,84,100.07,23.7,24.1,1.04,0.62,0.65,0
510308,84,0.0,23.9,24.1,0.92,0.59,0.54,0
515358,83,100.47,24.2,24.1,0.42,0.62,0.26,0
520408,109,100.24,24.5,24.1,1.24,0.75,0.93,0
525457,109,100.1,24.7,24.1,1.39,0.69,0.96,0
530507,109,100.07,24.8,24.1,1.12,0.65,0.73,0
535557,109,100.07,24.8,24.1,1.21,1.23,1.49,0
540607,109,0.0,24.8,24.1,1.33,0.63,0.84,0
545657,109,100.1,24.8,24.1,1.31,0.68,0.89,0
550707,121,0.0,24.7,24.1,1.2,0.74,0.88,0
555756,109,100.1,24.7,24.5,0.83,0.71,0.59,0
560806,109,100.18,24.6,24.8,1.36,0.77,1.04,0
565856,109,100.13,24.6,25.8,1.25,0.62,0.78,0
570907,106,100.1,24.5,26.2,1.25,0.52,0.66,0
575957,109,99.98,24.4,26.2,1.29,0.54,0.69,0
581008,113,100.13,24.3,26.7,1.4,0.69,0.97,0
586059,109,100.07,24.3,26.7,1.37,0.58,0.79,0
591109,109,100.07,24.2,26.7,1.37,0.7,0.96,0
596160,110,0.0,24.2,26.7,0.82,0.61,0.49,0
601211,109,99.64,24.1,26.7,1.2,0.65,0.77,0
606262,108,0.0,24.0,26.7,1.41,0.62,0.87,0
611313,109,100.21,23.9,26.7,0.52,0.63,0.33,0
616364,109,100.13,23.9,26.7,1.42,0.7,0.99,0
621415,109,100.24,23.9,26.7,1.29,0.68,0.88,0
626466,109,100.13,23.8,26.4,1.34,0.46,0.62,0
631516,109,0.0,23.8,26.2,1.37,0.58,0.79,0
636566,109,100.18,23.7,26.2,0.0,0.66,0.0,0
641616,109,100.27,23.7,26.2,1.21,0.71,0.86,0
646666,205,100.01,23.7,26.2,1.43,0.82,1.16,0
651716,205,100.07,23.7,26.2,0.0,0.61,0.0,0
656766,206,100.07,23.7,26.2,1.11,0.69,0.77,0
661816,204,100.13,23.8,25.8,1.19,0.58,0.69,0
666866,205,100.56,23.8,25.8,1.4,0.23,0.32,0
671916,206,99.95,23.8,25.8,1.34,0.65,0.87,0
676966,206,99.72,23.8,25.8,1.4,0.7,0.98,0
682016,206,100.15,23.8,25.8,1.41,0.77,1.09,0
687066,205,100.07,23.8,25.8,1.41,0.6,0.85,0
692116,206,0.0,23.8,25.8,1.56,0.53,0.83,0
697166,205,0.0,23.8,25.3,1.42,0.58,0.83,0
702216,205,99.95,23.8,25.3,1.37,0.65,0.89,0
707266,206,99.98,23.8,25.3,1.37,0.77,1.06,0
712316,205,99.64,23.8,25.3,1.35,0.6,0.81,0
717372,205,0.0,-11.6,25.3,0.83,0.71,0.59,0
722422,204,100.73,23.8,25.3,1.42,0.52,0.74,0
727472,206,100.13,23.8,25.3,1.28,0.6,0.77,0
732522,205,100.15,23.8,25.3,1.4,0.74,1.03,0
737572,206,100.04,23.8,24.8,0.0,0.69,0.0,0
742622,206,100.01,23.7,24.8,0.0,0.69,0.0,0
747672,206,100.07,23.7,24.8,0.0,0.62,0.0,0
752722,206,100.1,23.7,24.8,0.0,0.69,0.0,0
757772,181,100.93,23.7,24.8,0.0,0.62,0.0,0
762822,181,99.95,23.7,24.8,0.0,0.67,0.0,0
767872,191,0.0,23.7,24.8,1.36,0.75,1.02,0
772922,194,100.07,23.8,24.8,1.47,0.64,0.95,0
777972,189,100.1,23.8,24.8,1.29,0.8,1.03,0
783022,191,100.1,23.9,24.7,1.4,0.76,1.07,0
788071,191,100.1,24.0,24.5,1.39,0.6,0.84,0
793121,191,99.81,24.0,26.7,0.0,0.7,0.0,0
798171,191,100.07,24.2,29.8,1.2,0.57,0.68,0
803220,191,100.1,24.3,30.8,1.4,0.8,1.11,0
219,191,100.47,24.4,31.8,1.61,0.52,0.84,0
5270,189,99.95,24.4,31.8,0.0,0.68,0.0,0
10319,191,100.1,24.5,32.8,0.0,0.36,0.0,0
15369,189,100.04,24.6,32.8,0.0,0.73,0.0,0
20420,191,100.07,24.7,33.3,0.0,0.77,0.0,0
25469,191,100.1,24.7,32.8,0.0,0.62,0.0,0
30519,191,100.13,24.7,32.3,0.0,0.75,0.0,0
35569,191,99.35,24.7,32.3,0.0,0.65,0.0,0
40619,207,100.24,24.7,32.3,0.0,0.77,0.0,0
45669,213,100.24,24.7,32.3,0.0,0.67,0.0,0
50720,212,100.13,24.6,31.8,0.0,0.61,0.0,0
55770,212,100.13,24.6,31.8,1.37,0.69,0.95,0
60820,212,100.07,24.6,31.8,0.0,0.75,0.0,0
65870,211,0.0,24.5,31.3,1.27,0.73,0.92,0
70920,212,100.36,24.5,30.8,1.3,0.66,0.86,0
75970,212,99.78,24.4,30.2,1.4,0.63,0.88,0
81020,212,0.0,24.4,30.2,1.32,0.7,0.92,0
86070,212,100.5,24.4,29.8,1.28,0.67,0.85,0
91120,211,100.15,24.3,29.8,1.3,0.72,0.93,0
96170,212,100.13,24.3,29.3,1.25,0.69,0.87,0
101220,212,99.81,24.2,29.3,1.21,0.59,0.71,0
106270,212,100.13,24.2,28.9,1.33,0.63,0.84,0
111320,212,0.0,24.2,28.9,1.36,0.76,1.03,0
116370,212,100.13,24.1,28.5,1.25,0.46,0.58,0
121420,212,100.18,24.1,28.5,0.0,0.73,0.0,0
126470,212,0.0,24.1,28.0,1.2,0.61,0.73,0
131520,211,100.1,24.0,28.0,1.25,0.62,0.77,0
136570,212,100.1,24.0,28.0,0.0,0.68,0.0,0
141620,212,0.0,24.0,27.6,0.0,0.62,0.0,0
146671,213,100.15,23.9,27.6,1.37,0.33,0.45,0
151722,212,100.13,23.9,27.6,1.45,0.77,1.12,0
156772,212,100.1,23.9,27.1,1.44,0.63,0.91,0
161822,213,99.66,23.9,27.1,1.35,0.62,0.84,0
166872,212,100.15,23.9,27.1,1.39,0.81,1.12,0
171923,168,99.78,23.9,26.7,1.38,0.65,0.89,0
176974,168,100.1,23.9,26.7,1.47,0.63,0.92,0
182025,169,100.15,23.9,26.7,1.22,0.63,0.77,0
187076,169,100.13,23.9,26.2,1.41,0.69,0.98,0
192126,168,100.1,23.9,26.2,1.45,0.45,0.66,0
197176,167,99.92,23.9,26.2,1.44,0.79,1.14,0
202226,168,100.1,23.9,26.2,1.25,0.64,0.8,0
207276,168,99.15,23.9,25.8,1.3,0.4,0.52,0
212326,169,99.9,24.0,25.8,1.3,0.73,0.95,0
217376,168,100.15,24.0,25.8,0.0,0.62,0.0,0
222426,168,100.59,24.0,25.8,1.5,0.6,0.9,0
227476,168,100.01,24.0,25.8,1.4,0.63,0.89,0
232526,163,100.13,24.0,25.3,1.21,0.62,0.74,0
237576,168,0.0,23.9,25.3,1.33,0.68,0.9,0
242626,168,99.32,24.0,25.3,1.35,0.62,0.84,0
247676,169,99.84,23.9,25.3,1.37,0.62,0.85,0
252726,168,0.0,23.9,25.3,1.25,0.7,0.87,0
257776,168,0.0,23.9,25.3,1.3,0.75,0.98,0
262825,168,0.0,23.9,24.8,0.0,0.71,0.0,0
267875,169,100.18,23.9,24.8,0.0,0.69,0.0,0
272925,168,99.78,23.9,24.8,0.0,0.7,0.0,0
277975,168,100.04,23.9,24.8,0.0,0.72,0.0,0
283026,169,100.1,23.9,24.8,0.0,0.62,0.0,0
288076,168,99.95,23.9,24.8,0.0,0.6,0.0,0
293126,168,100.04,23.9,24.8,0.0,0.68,0.0,0
298176,167,99.78,23.9,24.8,0.0,0.71,0.0,0
303226,168,100.18,23.9,24.8,0.0,0.73,0.0,0
308276,168,100.1,23.9,24.5,0.0,0.69,0.0,0
313326,357,99.15,23.8,24.5,0.0,0.76,0.0,0
318376,360,100.01,23.8,24.5,0.0,0.73,0.0,0
323426,360,100.18,23.8,24.5,0.0,0.79,0.0,0
328476,360,100.24,23.8,24.5,1.3,0.59,0.77,0
333526,360,99.61,23.8,24.5,1.09,0.72,0.79,0
338576,360,99.81,23.8,24.5,1.3,0.68,0.88,0
343626,360,100.04,23.8,24.5,1.38,0.59,0.82,0
348676,360,100.64,23.8,24.5,1.37,0.73,1.01,0
353726,360,99.95,23.8,24.5,1.38,0.59,0.82,0
358776,360,100.1,23.8,24.5,1.25,0.62,0.77,0
363826,360,100.01,23.8,24.5,0.0,0.61,0.0,0
368876,360,99.69,23.8,24.5,1.29,0.79,1.01,0
373926,360,99.69,23.7,24.5,1.23,0.71,0.87,0
378976,360,100.15,23.7,24.5,1.41,0.71,1.0,0
384026,360,101.39,23.7,24.5,1.28,0.85,1.1,0
389076,360,100.04,23.7,24.5,1.23,0.68,0.83,0
394126,360,100.07,23.7,24.2,1.18,0.57,0.67,0
399176,360,100.1,23.6,24.1,0.0,0.67,0.0,0
404226,360,100.24,23.6,24.1,1.37,0.84,1.16,0
409276,360,100.1,23.6,24.1,0.89,0.62,0.55,0
414326,360,100.1,23.6,24.1,1.34,0.65,0.86,0
419376,360,100.07,23.7,24.1,1.35,0.62,0.84,0
424426,360,100.24,23.7,24.1,1.29,0.67,0.86,0
429476,360,99.81,23.7,24.1,1.26,0.72,0.9,0
434526,360,100.18,23.7,24.1,1.25,0.77,0.96,0
439576,360,100.15,23.7,24.1,1.44,0.55,0.79,0
444626,360,100.18,23.7,24.1,0.0,0.62,0.0,0
449676,360,100.15,23.7,24.1,0.0,0.41,0.0,0
454726,360,0.0,23.7,24.1,0.0,0.73,0.0,0
459776,360,100.07,23.7,24.1,0.0,0.69,0.0,0
464826,360,100.18,23.7,24.1,0.0,0.61,0.0,0
469876,360,100.07,23.7,24.1,0.0,0.68,0.0,0
474926,360,99.98,23.7,24.1,0.0,0.76,0.0,0
479976,360,100.27,23.7,24.1,0.0,0.64,0.0,0
485026,360,99.64,23.7,24.1,0.0,0.54,0.0,0
490076,360,99.95,23.7,24.5,0.0,0.7,0.0,0
495126,360,101.16,23.7,24.8,0.0,0.69,0.0,0
500176,360,100.07,23.7,25.3,0.0,0.69,0.0,0
505227,360,100.13,23.6,26.7,0.0,0.6,0.0,0
510278,360,100.07,23.6,31.8,0.0,0.78,0.0,0
515328,360,100.07,23.6,35.8,0.0,0.75,0.0,0
520378,357,100.1,23.6,38.5,0.0,0.55,0.0,0
525427,360,100.07,23.6,39.0,0.0,0.74,0.0,0
530478,360,100.01,23.6,39.0,0.0,0.69,0.0,0
535528,360,100.47,23.6,39.0,0.0,0.69,0.0,0
540578,360,100.01,23.6,39.0,0.0,0.7,0.0,0
545628,360,99.84,23.6,38.5,0.0,0.62,0.0,0
550678,359,100.41,23.6,38.5,0.0,0.63,0.0,0
555727,360,100.18,23.6,38.0,0.0,0.62,0.0,0
560778,360,100.04,23.5,37.4,0.0,0.62,0.0,0
565828,360,100.1,23.5,37.4,0.0,0.58,0.0,0
570878,360,99.64,23.5,36.9,0.0,0.72,0.0,0
575928,360,100.13,23.5,36.3,0.0,0.69,0.0,0
580978,360,99.98,23.5,35.6,0.0,0.75,0.0,0
586028,360,99.98,23.5,35.3,0.0,1.12,0.0,0
591078,360,99.78,23.5,35.2,0.0,0.82,0.0,0
596128,360,100.01,23.5,34.7,0.0,0.65,0.0,0
601178,360,100.07,23.5,34.2,0.0,0.76,0.0,0
606227,360,99.78,23.5,33.8,0.0,0.78,0.0,0
611277,360,100.04,23.5,33.8,0.0,0.85,0.0,0
616327,360,100.07,23.5,33.3,0.0,0.72,0.0,0
621377,360,101.16,23.5,32.8,0.0,0.84,0.0,0
626427,360,100.21,23.4,32.8,0.0,0.42,0.0,0
631477,360,100.15,23.4,32.3,0.0,0.89,0.0,0
636527,360,100.01,23.4,32.3,0.0,0.74,0.0,0
641578,360,100.07,23.4,31.8,0.0,0.55,0.0,0
646628,360,100.1,23.4,31.8,0.0,0.53,0.0,0
651678,360,99.43,23.4,31.3,0.0,0.76,0.0,0
656728,360,100.3,23.4,30.8,0.0,0.82,0.0,0
661778,360,100.13,23.4,30.8,0.0,0.81,0.0,0
666828,360,100.24,23.4,30.7,1.45,0.81,1.17,0
671878,360,100.07,23.4,30.2,0.62,0.81,0.51,0
676928,360,100.1,23.4,30.2,1.18,0.84,0.99,0
681978,360,100.1,23.4,29.8,1.39,0.73,1.02,0
687028,360,0.0,23.4,29.8,1.2,0.41,0.49,0
692078,360,99.2,23.4,29.3,1.38,0.84,1.16,0
697128,360,100.04,23.4,29.3,1.35,0.95,1.28,0
702178,360,100.18,23.4,29.3,1.31,0.62,0.81,0
707228,360,99.98,23.4,28.9,1.3,0.73,0.95,0
712278,360,100.01,23.4,28.9,1.32,0.8,1.06,0
717328,360,100.07,23.4,28.5,1.35,0.64,0.87,0
722378,360,99.95,23.4,28.5,1.36,0.78,1.06,0
727428,360,100.3,23.4,28.5,1.37,0.84,1.15,0
732478,360,0.0,23.4,28.1,1.3,0.77,1.0,0
737528,355,100.15,23.4,28.0,1.38,0.71,0.98,0
742577,360,100.36,23.4,28.0,1.37,0.62,0.85,0
747627,360,100.24,23.4,28.0,1.46,0.77,1.12,0
752678,360,100.1,23.4,27.6,1.25,0.86,1.07,0
757729,360,0.0,23.5,27.6,1.46,0.8,1.18,0
762780,360,100.13,23.6,27.6,1.45,0.41,0.59,0
767831,360,99.84,23.8,27.6,0.56,0.64,0.36,0
772882,360,100.7,23.9,27.2,1.36,0.75,1.03,0
777932,360,100.18,24.0,27.1,1.44,0.66,0.95,0
782983,360,100.07,24.1,27.1,1.38,0.73,1.01,0
788034,360,100.13,24.2,27.1,0.51,0.82,0.42,0
793085,360,100.1,24.2,27.1,1.29,0.57,0.74,0
798135,359,100.07,24.2,26.7,0.0,0.73,0.0,0
803185,360,100.1,24.2,26.7,0.0,0.78,0.0,0
808235,360,100.07,24.3,26.7,0.0,0.73,0.0,0
813285,360,100.18,24.3,26.7,1.3,0.85,1.11,0
818335,360,99.92,24.3,26.7,1.41,0.67,0.94,0
823385,360,100.18,24.3,26.7,0.0,0.69,0.0,0
828435,360,100.13,24.4,26.2,0.0,0.85,0.0,0
833485,360,0.0,24.6,26.2,1.32,0.71,0.94,0
838535,360,0.0,24.8,26.2,1.33,0.64,0.85,0
843585,360,101.1,24.9,26.2,1.4,0.74,1.03,0
848635,360,100.21,25.0,26.2,1.3,0.76,0.99,0
853685,360,100.07,25.0,26.2,1.28,0.71,0.9,0
858735,360,100.01,25.0,26.2,1.43,0.94,1.34,0
863785,360,100.1,25.0,26.2,1.4,0.75,1.05,0
868835,359,100.07,25.0,26.2,0.52,0.76,0.4,0
873885,358,0.0,25.1,25.8,1.25,0.64,0.8,0
878935,360,99.78,25.2,25.8,0.0,0.76,0.0,0
883985,360,100.21,25.4,25.8,0.0,0.77,0.0,0
889035,360,100.15,25.8,25.8,1.44,0.53,0.76,0
894085,360,100.04,26.1,25.8,0.0,0.83,0.0,0
899135,360,99.92,26.4,25.8,0.0,0.79,0.0,0
904185,360,100.18,26.5,25.8,1.19,1.26,1.49,0
909235,360,100.1,26.7,25.8,0.0,0.87,0.0,0
914285,360,0.0,26.8,25.8,1.33,0.76,1.02,0
919335,360,100.1,26.8,25.8,1.3,0.78,1.01,0
924385,360,100.07,26.9,25.3,1.36,0.96,1.3,0
929435,360,100.1,26.8,25.3,0.86,0.9,0.78,0
934485,360,100.04,26.7,25.3,1.25,0.89,1.12,0
939535,360,100.01,26.7,25.3,1.32,0.88,1.16,0
944585,360,100.04,26.6,25.3,1.18,0.82,0.97,0
949635,360,99.84,26.6,25.3,1.4,0.92,1.3,0
954685,360,100.13,26.5,25.3,1.39,1.04,1.44,0
959735,360,100.07,26.4,25.3,1.4,0.82,1.16,0
964785,360,100.07,26.4,25.3,1.2,0.67,0.8,0
969835,360,100.1,26.5,25.3,1.43,1.05,1.51,0
974885,360,100.1,26.7,25.3,1.42,0.81,1.15,0
979935,360,100.01,26.9,25.3,1.41,0.9,1.27,0
984985,360,100.13,27.0,25.3,1.41,0.78,1.1,0
990035,360,99.87,27.2,25.3,1.47,0.62,0.91,0
995085,360,99.84,27.3,25.3,1.46,0.76,1.1,0
1000135,360,100.18,27.5,25.3,1.31,0.62,0.81,0
1005185,360,100.01,27.9,25.3,0.0,0.89,0.0,0
1010235,333,100.38,28.3,25.2,1.25,0.8,1.0,0
1015285,333,99.61,28.6,24.8,1.42,0.95,1.35,0
1020335,333,100.15,28.7,24.8,1.34,0.85,1.14,0
1025385,333,100.13,28.8,24.8,0.59,0.74,0.44,0
1030435,333,100.1,28.9,24.8,1.45,0.78,1.13,0
1035485,332,100.04,28.9,24.8,1.42,0.75,1.06,0
1040535,333,100.07,28.9,24.8,1.42,0.83,1.19,0
1045585,334,100.07,28.9,24.8,1.4,0.82,1.15,0
1050635,331,100.15,28.8,24.8,0.91,0.88,0.79,0
1055685,332,99.95,28.8,24.8,1.2,0.8,0.96,0
1060736,332,100.1,142.3,24.8,1.46,0.47,0.69,0
1065786,333,99.64,0.0,24.8,1.48,0.96,1.41,0
219,334,0.0,28.3,0.0,1.56,0.8,1.25,0
219,333,100.15,28.3,24.8,1.39,0.82,1.15,0
219,334,100.27,28.3,24.8,1.28,0.95,1.21,0
219,335,100.3,28.2,24.8,1.56,0.89,1.39,0
219,333,100.1,28.0,24.8,1.56,1.06,1.66,0
219,333,0.0,27.8,24.8,0.57,0.93,0.53,0
5269,332,100.07,27.8,24.8,0.0,0.94,0.0,0
10318,333,0.0,27.7,24.8,0.0,0.91,0.0,0
15368,333,100.07,27.6,24.8,0.0,1.19,0.0,0
20418,335,100.01,27.5,24.8,0.0,0.9,0.0,0
25469,333,99.92,27.4,24.8,0.0,0.82,0.0,0
30519,333,99.95,27.3,24.8,0.0,0.79,0.0,0
35569,333,100.07,27.2,24.8,0.0,1.01,0.0,0
40619,330,100.15,27.2,24.8,0.0,0.91,0.0,0
45669,332,100.1,27.1,24.8,0.0,0.9,0.0,0
50719,333,0.0,27.0,24.8,0.0,0.94,0.0,0
55769,334,0.0,27.0,24.8,0.0,0.87,0.0,0
60819,331,0.0,26.9,24.8,0.0,1.05,0.0,0
65868,333,0.0,26.8,24.8,0.0,0.89,0.0,0
70919,340,0.0,26.8,24.8,0.0,0.87,0.0,0
75969,333,100.27,26.7,25.3,0.0,0.89,0.0,0
81019,333,99.72,26.7,26.2,0.0,0.97,0.0,0
86070,334,100.59,26.6,27.6,0.0,0.87,0.0,0
91121,328,100.04,27.8,28.0,0.0,0.47,0.0,0
96171,328,100.13,28.2,28.9,0.0,0.83,0.0,0
101221,335,100.27,28.1,29.3,0.0,0.93,0.0,0
106271,333,100.27,28.1,32.3,0.0,0.97,0.0,0
111322,336,0.0,28.0,33.3,0.0,0.91,0.0,0
116371,333,100.41,27.9,33.8,0.0,0.89,0.0,0
121421,332,100.07,27.8,34.2,0.0,1.02,0.0,0
126471,333,100.07,27.7,35.2,1.43,0.99,1.42,0
131522,322,100.18,28.0,35.6,0.0,1.04,0.0,0
136572,215,100.18,28.0,35.6,0.0,0.98,0.0,0
141622,176,99.9,27.9,35.2,0.87,0.99,0.86,0
146671,176,100.07,27.9,35.2,1.21,1.03,1.24,0
151722,179,100.1,27.8,35.2,1.25,1.13,1.41,0
156772,177,0.0,27.8,34.7,1.2,0.89,1.06,0
161822,176,100.07,27.6,34.7,1.28,0.89,1.14,0
166872,177,99.78,27.5,34.2,1.29,0.97,1.25,0
171921,175,100.82,27.4,33.8,0.95,0.88,0.84,0
218,150,100.13,0.0,32.8,1.41,0.97,1.36,0
219,150,100.24,26.8,32.8,1.49,1.03,1.54,0
5268,149,100.18,26.8,32.8,0.0,0.98,0.0,0
10318,149,100.15,26.7,32.3,0.0,1.1,0.0,0
15369,150,0.0,26.6,31.8,0.0,0.89,0.0,0
20419,149,100.3,26.5,31.8,0.0,1.05,0.0,0
25469,150,100.15,26.4,31.3,0.0,1.04,0.0,0
30520,149,100.15,26.4,31.3,0.0,0.87,0.0,0
35571,150,100.15,26.3,30.8,0.36,0.9,0.33,0
40621,149,100.07,26.2,30.8,0.26,1.09,0.28,0
45670,168,0.0,26.1,30.2,1.4,0.97,1.35,0
50720,310,100.13,26.1,30.2,1.57,0.96,1.5,0
55771,308,100.3,26.0,29.8,1.4,0.9,1.25,0
60821,310,100.24,26.0,29.8,1.37,1.15,1.58,0
65871,310,100.13,26.0,29.4,0.5,1.0,0.5,0
70921,310,100.15,26.0,29.3,1.37,0.96,1.32,0
75971,309,100.15,25.9,29.3,1.35,0.76,1.03,0
81021,310,100.64,25.9,28.9,1.43,1.02,1.46,0
86071,309,100.18,25.8,28.9,1.37,0.72,0.98,0
91121,309,100.24,25.8,28.9,1.37,1.58,2.16,0
96171,314,100.33,25.8,28.5,1.4,1.12,1.57,0
101221,306,100.1,25.7,28.5,1.27,0.89,1.13,0
106271,310,100.24,25.6,28.5,1.32,0.94,1.25,0
111320,310,100.84,25.6,28.0,1.41,0.99,1.39,0
116371,310,100.24,25.6,28.0,0.0,0.85,0.0,0
121421,229,99.92,25.5,28.0,1.23,0.96,1.18,0
126471,210,101.39,25.5,28.0,0.98,0.99,0.96,0
131521,209,100.27,25.5,27.6,1.08,0.8,0.86,0
136571,210,100.1,25.5,27.6,0.0,0.99,0.0,0
219,210,100.47,25.4,27.6,0.0,0.96,0.0,0
5270,211,0.0,25.4,27.1,0.0,1.06,0.0,0
10320,210,100.38,25.4,27.1,1.36,0.92,1.26,0
15370,210,0.0,25.3,27.1,0.66,1.02,0.67,0
219,211,0.0,25.3,26.7,1.39,0.84,1.16,0
5270,210,100.47,25.3,26.7,0.0,1.1,0.0,0
10320,211,0.0,25.3,26.7,1.37,0.97,1.33,0
15370,209,100.24,25.3,26.7,1.38,0.98,1.35,0
20420,210,100.07,25.3,26.7,1.45,1.02,1.48,0
25470,209,100.18,25.3,26.3,1.25,1.05,1.32,0
30520,210,100.15,25.2,26.2,0.0,1.04,0.0,0
35570,210,100.15,25.2,26.2,0.0,1.02,0.0,0
40620,210,100.21,25.2,26.2,1.25,0.94,1.18,0
45669,210,100.53,25.2,26.2,1.35,0.89,1.2,0
50719,210,100.47,25.1,26.2,1.38,0.87,1.2,0
55769,210,100.36,25.1,26.2,1.39,0.89,1.25,0
60820,184,100.47,25.1,26.2,1.31,0.9,1.18,0
65870,150,100.13,25.1,25.8,1.38,0.99,1.37,0
70920,151,100.5,25.0,25.8,1.4,0.9,1.26,0
75970,150,99.64,25.0,25.8,1.37,0.84,1.15,0
81020,149,100.21,25.0,25.8,1.3,0.99,1.29,0
86070,149,100.44,25.0,25.8,1.2,0.83,1.0,0
91120,147,100.47,25.0,25.8,0.0,0.78,0.0,0
96170,150,100.56,24.9,25.8,0.0,0.96,0.0,0
101220,150,99.98,24.9,25.8,0.0,0.99,0.0,0
219,150,100.1,22.3,23.4,0.0,0.9,0.0,0
5270,150,99.95,22.3,23.4,0.0,0.85,0.0,0
10320,148,100.33,22.3,23.4,0.0,1.01,0.0,0
15370,151,99.95,22.3,23.4,0.0,0.8,0.0,0
20420,148,100.07,22.3,23.4,0.0,0.83,0.0,0
25470,148,100.04,22.3,23.4,0.0,0.9,0.0,0
30520,148,100.07,22.3,23.4,0.0,0.89,0.0,0
35570,148,99.78,22.3,23.4,0.0,0.77,0.0,0
40620,150,99.78,22.3,23.4,0.0,0.91,0.0,0
45670,150,100.15,22.3,23.4,0.0,0.61,0.0,0
50720,151,100.7,22.3,23.4,0.0,0.85,0.0,0
55770,151,100.13,22.3,23.4,0.0,0.76,0.0,0
60820,148,99.98,22.3,23.4,0.0,0.74,0.0,0
65870,149,100.13,22.3,23.4,0.0,0.83,0.0,0
70920,150,100.07,22.3,23.4,0.0,0.86,0.0,0
75970,148,100.07,22.3,23.4,0.0,0.83,0.0,0
81020,149,99.61,22.3,23.4,0.0,0.79,0.0,0
86070,150,99.95,22.3,23.4,0.0,0.93,0.0,0
91120,148,100.01,22.3,23.4,0.0,0.75,0.0,0
96170,148,100.13,22.3,23.4,0.0,0.85,0.0,0
101220,149,100.07,22.3,23.4,0.0,0.58,0.0,0
106270,150,0.0,22.3,23.4,0.0,0.72,0.0,0
111320,147,99.9,22.3,23.4,0.0,0.68,0.0,0
116370,151,99.95,22.3,23.4,0.0,0.81,0.0,0
121420,151,99.78,22.3,23.4,0.0,0.75,0.0,0
126470,150,99.64,22.3,23.4,0.0,0.79,0.0,0
131520,150,100.07,22.3,23.4,0.0,0.85,0.0,0
136570,182,100.56,22.3,23.4,0.0,0.83,0.0,0
141620,227,100.1,22.4,23.4,0.0,0.92,0.0,0
146670,325,100.1,22.4,23.4,0.0,0.76,0.0,0
151720,325,100.07,22.4,23.4,0.0,0.85,0.0,0
156770,325,100.04,22.4,23.4,0.0,0.7,0.0,0
161820,324,99.64,22.4,23.4,0.0,0.63,0.0,0
166870,325,100.1,22.4,23.4,0.0,0.62,0.0,0
171920,325,100.07,22.4,23.4,0.0,0.62,0.0,0
176970,325,100.04,22.4,23.4,0.0,0.93,0.0,0
182020,326,100.01,22.4,23.8,0.0,1.22,0.0,0
187070,323,100.15,22.5,23.8,0.0,0.76,0.0,0
192120,324,0.0,22.5,23.8,0.0,0.82,0.0,0
197170,324,100.38,22.5,23.8,0.0,0.63,0.0,0
202220,325,100.13,22.5,23.8,0.0,0.9,0.0,0
207270,325,99.95,22.6,23.8,0.0,0.98,0.0,0
212320,325,100.15,22.6,23.8,0.0,0.89,0.0,0
217370,325,0.0,22.7,23.8,0.0,0.85,0.0,0
222420,323,100.07,22.8,23.8,0.51,0.78,0.4,0
227469,325,99.72,22.9,24.0,0.52,0.77,0.4,0
232519,325,99.55,22.9,24.1,0.0,0.79,0.0,0
237569,323,0.0,23.0,24.1,0.61,0.81,0.49,0
242619,324,100.1,23.1,24.1,1.06,0.68,0.71,0
247669,323,100.38,23.2,24.1,1.14,0.82,0.93,0
252719,327,99.43,23.3,24.1,1.04,0.82,0.86,0
257769,322,100.1,23.4,24.1,0.52,0.71,0.37,0
262819,325,0.0,23.5,24.1,0.0,0.66,0.0,0
267869,323,100.13,23.6,24.1,0.0,0.62,0.0,0
272919,329,100.18,23.7,24.1,0.0,0.83,0.0,0
277970,326,100.27,23.8,24.1,0.0,0.77,0.0,0
283020,330,100.38,23.8,24.1,0.0,0.76,0.0,0
288070,324,100.01,23.9,24.1,0.0,0.76,0.0,0
293120,323,100.1,23.9,24.1,0.0,0.79,0.0,0
298169,324,99.92,23.9,24.1,0.0,0.89,0.0,0
303219,323,100.1,23.9,24.1,0.0,0.9,0.0,0
308269,326,100.01,23.9,24.1,0.0,0.76,0.0,0
313319,326,99.98,23.9,24.1,0.0,0.87,0.0,0
318369,323,0.0,23.9,24.1,0.0,0.74,0.0,0
323419,352,99.92,23.9,24.1,0.0,0.8,0.0,0
328469,360,100.1,23.9,24.1,0.0,0.59,0.0,0
333519,360,99.95,23.9,24.1,0.0,0.72,0.0,0
338569,360,99.98,23.9,24.1,0.0,0.74,0.0,0
343619,360,100.87,23.9,24.1,0.0,0.96,0.0,0
348669,360,100.04,23.8,24.1,0.0,0.8,0.0,0
353719,360,100.01,23.8,24.1,0.0,0.65,0.0,0
358769,360,100.01,23.8,24.1,0.0,0.96,0.0,0
363820,360,0.0,23.8,24.1,0.0,0.93,0.0,0
368869,360,100.07,24.3,24.1,0.0,0.91,0.0,0
373919,360,99.84,25.5,24.1,0.0,1.04,0.0,0
378969,360,99.95,25.8,24.1,0.0,0.92,0.0,0
384018,360,100.07,26.0,24.1,0.0,0.84,0.0,0
389068,360,100.04,26.0,24.1,0.0,0.66,0.0,0
394118,360,99.64,26.1,24.1,0.0,0.91,0.0,0
399168,360,100.01,26.5,24.1,0.0,0.76,0.0,0
404218,360,99.9,26.6,24.1,0.0,0.84,0.0,0
409268,360,99.84,26.6,24.1,0.0,0.92,0.0,0
414318,360,100.13,26.5,24.1,0.0,1.1,0.0,0
419368,360,99.95,26.5,24.1,0.0,0.76,0.0,0
424417,360,99.72,26.4,24.1,0.0,0.91,0.0,0
429467,360,99.92,26.4,24.1,0.0,0.75,0.0,0
434517,360,0.0,26.3,24.1,0.0,0.53,0.0,0
439567,360,100.27,26.3,24.1,0.0,0.79,0.0,0
444617,360,100.07,26.2,24.1,0.0,0.31,0.0,0
449667,360,100.07,26.1,24.1,0.0,0.66,0.0,0
454716,360,100.01,26.0,24.1,1.74,0.71,1.23,0
459767,360,100.59,26.0,24.1,1.41,0.66,0.93,0
464816,360,100.24,25.9,24.1,1.38,1.11,1.53,0
469866,360,99.95,25.9,24.1,1.44,0.85,1.23,0
474916,360,100.21,25.8,24.1,1.26,0.82,1.04,0
479966,360,99.9,25.8,24.1,1.25,0.9,1.12,0
485016,360,99.09,25.7,24.1,0.0,0.92,0.0,0
490066,360,100.27,25.6,24.1,0.0,0.69,0.0,0
495116,360,100.13,25.5,24.1,0.0,0.84,0.0,0
500166,360,100.04,25.5,24.1,0.0,0.76,0.0,0
505216,360,100.04,25.4,24.1,0.0,0.72,0.0,0
510266,360,100.01,25.4,24.1,0.0,0.91,0.0,0
515316,360,99.9,25.3,24.1,0.0,0.8,0.0,0
520366,360,100.04,25.3,24.1,0.0,0.82,0.0,0
525416,360,100.04,25.2,24.1,0.0,0.76,0.0,0
530466,360,100.13,25.2,24.1,0.0,0.92,0.0,0
535516,360,99.92,25.1,24.1,0.0,0.76,0.0,0
540566,360,100.1,25.1,24.1,0.0,0.85,0.0,0
545616,360,100.1,25.0,24.1,0.0,0.82,0.0,0
550666,360,99.95,25.0,24.1,0.0,0.55,0.0,0
555716,360,100.53,25.0,24.1,0.0,0.92,0.0,0
560766,360,100.27,24.9,24.1,0.0,0.71,0.0,0
565816,360,100.27,24.8,24.1,0.0,0.82,0.0,0
570866,360,100.56,24.8,24.1,0.0,0.8,0.0,0
575915,360,99.92,24.9,24.1,0.0,0.69,0.0,0
580966,360,100.13,25.0,24.1,0.0,0.76,0.0,0
586016,360,100.3,24.9,24.1,0.0,0.82,0.0,0
591066,360,100.1,24.8,24.5,0.0,0.92,0.0,0
596116,360,99.92,24.8,25.3,0.0,0.91,0.0,0
601167,360,100.3,24.7,26.2,0.0,0.99,0.0,0
606217,360,100.07,24.7,26.2,0.0,0.88,0.0,0
611267,360,100.04,24.6,26.7,0.0,0.7,0.0,0
616317,360,99.64,24.6,27.6,0.0,0.82,0.0,0
621368,360,99.95,24.6,27.6,0.0,0.91,0.0,0
626419,360,0.0,24.5,28.5,0.0,0.86,0.0,0
631469,360,100.1,24.5,28.9,0.0,0.88,0.0,0
636519,360,0.0,24.5,29.8,0.0,0.89,0.0,0
641569,360,100.07,24.4,30.2,0.0,0.9,0.0,0
646620,360,99.98,24.4,31.8,0.0,0.69,0.0,0
651670,360,100.01,24.4,33.4,0.0,0.9,0.0,0
656719,360,99.95,24.3,34.2,0.0,0.89,0.0,0
661770,360,99.55,24.3,34.2,0.0,0.9,0.0,0
666820,360,99.72,24.3,34.2,0.0,0.85,0.0,0
671870,360,100.07,24.3,33.8,0.0,0.85,0.0,0
676920,360,100.13,24.3,33.8,0.0,0.85,0.0,0
681970,360,100.1,24.3,33.3,0.0,0.94,0.0,0
687019,360,100.07,24.3,32.8,0.77,0.95,0.73,0
692070,360,99.66,24.3,32.8,0.0,0.89,0.0,0
697120,360,100.07,24.3,32.3,0.0,0.92,0.0,0
702169,360,100.07,24.3,32.3,1.25,0.97,1.22,0
707220,360,100.24,24.3,31.8,1.24,0.9,1.12,0
712271,360,99.95,24.3,31.8,1.06,0.69,0.73,0
717322,360,100.01,24.3,31.3,0.0,0.9,0.0,0
722372,360,0.0,24.4,31.3,0.0,0.73,0.0,0
727423,360,0.0,24.4,30.8,0.0,0.83,0.0,0
732473,360,100.15,24.4,30.8,0.0,1.29,0.0,0
737523,360,0.0,24.4,30.2,0.0,1.05,0.0,0
742574,360,0.0,24.3,30.2,0.0,0.93,0.0,0
747624,360,99.2,24.3,29.8,0.0,0.98,0.0,0
752674,360,100.15,24.3,29.8,0.0,0.94,0.0,0
757724,360,99.61,24.3,29.3,0.0,0.64,0.0,0
762775,360,99.95,24.3,29.3,0.0,0.84,0.0,0
767826,360,98.51,24.3,29.3,1.11,0.88,0.98,0
772877,360,100.1,24.2,28.9,1.13,1.04,1.17,0
777927,360,99.95,24.2,28.9,1.11,0.78,0.86,0
782977,360,100.07,24.2,28.9,0.82,0.8,0.66,0
788027,360,100.18,24.2,28.5,1.1,1.27,1.4,0
793077,360,99.81,24.1,28.5,0.88,0.9,0.79,0
798127,360,99.64,24.1,28.5,1.12,0.84,0.95,0
803176,360,100.04,24.1,28.0,0.99,0.85,0.84,0
808226,360,100.18,24.1,28.0,0.86,0.85,0.73,0
813276,360,0.0,24.0,28.0,1.11,0.9,1.0,0
818326,360,99.69,24.0,27.6,0.0,0.8,0.0,0
823376,360,99.92,24.0,27.6,1.31,0.92,1.2,0
828426,360,100.13,23.9,27.6,0.0,0.84,0.0,0
833476,360,101.91,23.9,27.6,0.99,0.99,0.99,0
838526,360,99.49,23.9,27.2,1.18,0.89,1.05,0
843576,360,98.72,23.9,27.1,1.22,0.91,1.1,0
848626,360,100.15,23.9,27.1,0.81,0.91,0.74,0
853676,360,0.0,23.9,27.1,1.08,0.84,0.91,0
858726,360,100.47,23.9,27.1,1.14,0.97,1.11,0
863776,360,100.1,23.9,26.7,1.1,0.76,0.84,0
868826,360,100.21,23.9,26.7,1.29,0.83,1.08,0
873876,360,0.0,23.9,26.7,1.37,0.94,1.29,0
878926,360,100.24,23.9,26.7,1.25,0.89,1.11,0
883976,360,100.24,23.9,26.7,0.0,0.75,0.0,0
889026,360,0.0,24.0,26.7,0.0,0.99,0.0,0
894076,360,99.92,24.0,26.2,0.0,0.82,0.0,0
899126,360,100.53,24.0,26.2,0.0,0.84,0.0,0
904176,360,0.0,24.0,26.2,0.0,0.74,0.0,0
909226,360,100.1,24.0,26.2,0.0,0.62,0.0,0
914275,360,0.0,24.0,26.2,0.0,0.86,0.0,0
919325,360,100.3,24.0,26.2,0.0,0.87,0.0,0
924375,360,100.07,24.0,26.2,0.0,0.69,0.0,0
929426,360,100.01,24.0,25.8,0.0,0.76,0.0,0
934476,360,101.1,24.0,25.8,0.0,0.7,0.0,0
939526,359,100.15,24.0,25.8,0.0,0.76,0.0,0
944575,360,0.0,24.0,25.8,0.0,0.88,0.0,0
949625,360,100.04,23.9,25.8,0.0,0.78,0.0,0
954675,360,100.07,23.9,25.8,0.0,0.9,0.0,0
959725,360,99.95,23.9,25.8,0.0,0.76,0.0,0
964775,360,99.32,23.9,25.8,0.0,0.39,0.0,0
969825,360,100.3,23.9,25.3,0.0,0.74,0.0,0
974875,360,100.01,23.9,25.3,0.0,0.67,0.0,0
979925,360,100.27,23.9,25.3,0.0,0.78,0.0,0
984975,360,100.07,23.9,25.3,0.0,0.76,0.0,0
990025,360,99.64,23.8,25.3,0.0,0.67,0.0,0
995075,360,100.01,23.8,25.3,0.0,0.82,0.0,0
1000125,360,99.92,23.8,25.3,0.0,0.82,0.0,0
1005175,360,100.3,23.8,25.3,0.0,0.86,0.0,0
1010225,360,100.01,23.8,25.3,0.0,0.89,0.0,0
1015275,360,99.95,23.8,25.3,0.0,0.79,0.0,0
1020325,360,100.64,23.7,25.3,0.0,0.81,0.0,0
1025375,360,100.07,23.7,24.9,0.0,0.7,0.0,0
1030425,360,100.1,23.7,24.8,0.0,0.77,0.0,0
1035475,360,99.98,23.7,24.8,0.0,0.85,0.0,0
1040525,360,100.56,23.7,24.8,0.0,0.7,0.0,0
1045575,360,99.92,23.6,24.8,0.0,0.72,0.0,0
1050625,360,100.13,23.6,24.8,0.0,0.82,0.0,0
1055675,360,99.66,23.6,24.8,0.0,0.39,0.0,0
1060725,360,99.98,23.6,24.8,0.0,0.62,0.0,0
1065775,360,100.13,23.6,24.8,0.0,0.69,0.0,0
1070825,360,100.99,23.6,24.8,0.0,0.82,0.0,0
1075875,360,100.04,23.6,24.8,0.0,0.83,0.0,0
1080924,360,100.07,23.6,24.8,0.0,0.76,0.0,0
1085974,360,100.1,23.5,24.8,0.0,0.68,0.0,0
1091024,360,100.1,23.5,24.8,0.0,0.8,0.0,0
1096074,360,100.56,23.5,24.8,0.0,0.78,0.0,0
1101124,360,100.24,23.5,24.8,0.0,0.77,0.0,0
1106175,360,100.07,23.5,24.8,0.0,0.71,0.0,0
1111225,360,100.01,23.5,24.5,0.0,0.74,0.0,0
1116275,360,101.05,23.5,24.5,0.0,0.63,0.0,0
1121325,360,100.1,23.5,24.5,0.0,0.83,0.0,0
1126375,360,99.95,23.5,24.5,0.0,0.85,0.0,0
1131425,360,100.1,23.4,24.5,0.0,0.84,0.0,0
1136475,360,100.1,23.4,24.5,0.0,0.77,0.0,0
1141525,360,99.92,23.4,24.5,0.0,0.84,0.0,0
1146575,360,100.18,23.4,24.5,0.0,0.76,0.0,0
1151625,360,100.04,23.4,24.5,0.0,0.76,0.0,0
218,360,100.24,23.1,24.1,0.0,0.74,0.0,0
1219,360,100.04,23.1,24.1,0.0,0.82,0.0,0
2269,360,100.01,23.1,24.1,0.0,0.62,0.0,0
3270,360,99.69,23.1,24.1,0.0,0.51,0.0,0
4320,360,99.92,23.1,24.1,0.0,0.76,0.0,0
5321,360,100.13,23.1,24.1,0.0,0.76,0.0,0
6371,360,100.04,23.1,24.1,0.0,0.74,0.0,0
7372,360,100.61,23.1,24.1,0.0,0.59,0.0,0
8422,360,100.01,23.1,24.1,0.0,0.76,0.0,0
9423,360,100.07,23.1,24.1,0.0,0.83,0.0,0
10473,360,100.1,23.1,24.1,0.0,0.76,0.0,0
11474,360,100.1,23.1,24.1,0.0,0.74,0.0,0
12524,360,99.92,23.1,24.1,0.0,0.65,0.0,0
13525,360,100.1,23.1,24.1,0.0,0.4,0.0,0
14575,360,100.04,23.1,24.1,0.0,0.68,0.0,0
15576,360,100.1,23.1,24.1,0.0,0.75,0.0,0
16626,360,100.41,23.1,24.1,0.0,0.89,0.0,0
17627,360,100.61,23.1,24.1,0.0,0.56,0.0,0
18677,360,100.56,23.1,24.1,0.0,0.8,0.0,0
19678,360,99.98,23.1,24.1,0.0,0.85,0.0,0
20728,360,101.05,23.1,24.1,0.0,0.76,0.0,0
21729,360,99.9,23.1,24.1,0.0,0.72,0.0,0
22779,360,100.07,23.1,24.1,0.0,0.73,0.0,0
23780,360,100.18,23.1,24.1,0.0,0.2,0.0,0
24830,360,100.01,23.1,24.1,0.0,0.73,0.0,0
25831,360,100.01,23.1,24.1,0.0,0.49,0.0,0
26881,360,100.1,23.1,24.1,0.0,0.75,0.0,0
27882,360,100.24,23.1,24.1,0.0,0.89,0.0,0
28932,360,98.26,23.1,24.1,0.0,0.63,0.0,0
29933,360,100.93,23.1,24.1,0.0,0.82,0.0,0
30983,360,100.41,23.1,24.1,0.0,0.62,0.0,0
31984,360,100.07,23.1,24.1,0.0,0.96,0.0,0
33034,360,100.1,23.1,24.1,0.0,0.77,0.0,0
34035,360,100.15,23.1,24.1,0.0,0.81,0.0,0
35085,360,100.1,23.1,24.1,0.0,0.76,0.0,0
36086,360,100.01,23.1,24.1,0.0,0.9,0.0,0
37136,360,100.41,23.1,24.1,0.0,0.81,0.0,0
38137,360,99.32,23.1,24.1,0.0,0.7,0.0,0
39187,360,100.1,23.1,24.1,0.0,0.77,0.0,0
40188,360,100.56,23.1,24.1,0.0,0.81,0.0,0
41238,360,100.15,23.1,24.1,0.0,0.78,0.0,0
42239,360,100.9,23.1,24.1,0.0,0.75,0.0,0
43289,360,100.18,23.1,24.1,0.0,0.84,0.0,0
44290,360,99.0,23.1,24.1,0.0,0.69,0.0,0
45340,360,100.07,23.1,24.1,0.0,0.88,0.0,0
46341,360,99.84,23.1,24.1,0.0,0.76,0.0,0
47391,360,100.18,23.1,24.1,0.0,0.75,0.0,0
48392,360,100.56,23.1,24.1,0.0,0.74,0.0,0
49442,360,99.95,23.1,24.1,0.0,0.75,0.0,0
50443,360,99.84,23.1,24.1,0.0,0.76,0.0,0
51493,360,100.07,23.1,24.1,0.0,0.72,0.0,0
52494,360,100.04,23.1,24.1,0.0,0.56,0.0,0
53544,360,99.61,23.0,24.1,0.0,0.92,0.0,0
54545,360,100.13,23.0,24.1,0.0,0.83,0.0,0
55595,360,99.66,23.1,24.1,0.0,0.79,0.0,0
56596,360,99.64,23.1,24.1,0.0,0.76,0.0,0
57646,360,101.3,23.1,24.1,0.0,0.75,0.0,0
58647,360,100.47,23.1,24.1,0.0,0.65,0.0,0
59697,360,100.67,23.1,24.1,0.0,0.74,0.0,0
60698,360,99.95,23.1,24.1,0.0,0.76,0.0,0
61748,360,100.15,23.0,24.1,0.0,0.66,0.0,0
62749,360,99.72,23.0,24.1,0.0,0.75,0.0,0
63799,360,100.13,23.1,24.1,0.0,0.75,0.0,0
64800,360,100.7,23.1,24.1,0.0,0.58,0.0,0
65850,360,100.1,23.0,24.1,0.0,0.84,0.0,0
66851,360,100.07,23.0,24.1,0.0,0.76,0.0,0
67901,360,100.07,23.1,24.1,0.0,0.75,0.0,0
68902,360,100.07,23.1,24.1,0.0,0.87,0.0,0
69952,360,100.1,23.0,24.1,0.0,0.82,0.0,0
70953,360,100.21,23.0,24.1,0.0,0.69,0.0,0
72003,360,0.0,23.0,24.1,0.0,0.74,0.0,0
73004,360,100.18,23.0,24.1,0.0,0.7,0.0,0
74054,360,100.07,23.0,24.1,0.0,0.71,0.0,0
75055,360,100.01,23.0,24.1,0.0,0.69,0.0,0
76105,360,100.13,23.0,24.1,0.0,0.74,0.0,0
77106,360,100.47,23.0,24.1,0.0,0.81,0.0,0
78156,360,101.28,23.0,24.1,0.0,0.69,0.0,0
79157,360,100.07,23.0,24.1,0.0,0.66,0.0,0
80207,360,100.13,23.0,24.1,0.0,0.69,0.0,0
81208,360,0.0,23.0,24.1,0.0,0.54,0.0,0
82258,360,100.87,23.0,24.1,0.0,0.89,0.0,0
83259,360,100.01,23.0,24.1,0.0,0.75,0.0,0
84309,360,0.0,23.0,24.1,0.0,0.75,0.0,0
85310,360,100.1,23.0,24.1,0.0,0.68,0.0,0
86360,360,100.18,23.0,24.1,0.0,0.68,0.0,0
87361,360,100.1,23.0,24.1,0.0,0.68,0.0,0
88411,360,100.07,23.0,24.1,0.0,0.76,0.0,0
89412,360,100.15,23.0,24.1,0.0,0.66,0.0,0
90462,360,100.15,23.0,24.1,0.0,0.78,0.0,0
91463,360,100.24,23.0,24.1,0.0,0.81,0.0,0
92513,360,100.1,23.0,24.1,0.0,0.26,0.0,0
93514,360,100.1,23.0,24.1,0.0,0.79,0.0,0
94564,360,100.07,23.0,24.1,0.0,0.79,0.0,0
95565,360,100.04,23.0,24.1,0.0,0.78,0.0,0
96615,360,100.1,23.0,24.1,0.0,0.76,0.0,0
97616,360,100.04,23.0,24.1,0.0,0.7,0.0,0
98666,360,100.38,23.0,24.1,0.0,0.82,0.0,0
99667,360,100.21,23.0,24.1,0.0,0.69,0.0,0
100717,360,99.84,23.0,24.1,0.0,0.72,0.0,0
101718,360,100.3,23.0,24.1,0.0,0.52,0.0,0
102768,360,100.1,23.0,24.1,0.0,0.69,0.0,0
103769,360,99.92,23.0,24.1,0.0,0.52,0.0,0
104819,360,100.07,23.0,24.1,0.0,0.81,0.0,0
105820,360,100.24,23.0,24.1,0.0,0.86,0.0,0
106870,360,0.0,23.0,24.1,0.0,0.78,0.0,0
107871,360,100.21,23.0,24.1,0.0,0.69,0.0,0
108921,360,100.1,23.0,24.1,0.0,0.9,0.0,0
109922,360,0.0,23.0,24.1,0.0,0.75,0.0,0
110972,360,100.38,23.0,24.1,0.0,0.74,0.0,0
111973,360,100.1,23.0,24.1,0.0,0.74,0.0,0
113023,360,100.13,23.0,24.1,0.0,0.8,0.0,0
114024,360,100.1,23.0,24.1,0.0,0.59,0.0,0
115074,360,100.18,23.0,24.1,0.0,0.76,0.0,0
116075,360,99.9,23.0,24.1,0.0,0.67,0.0,0
117125,360,100.18,23.0,24.1,0.0,0.69,0.0,0
118126,360,100.07,23.0,24.1,0.0,0.63,0.0,0
119176,360,100.13,23.0,24.1,0.0,0.77,0.0,0
120177,360,100.36,23.0,24.1,0.0,0.97,0.0,0
121227,360,100.33,23.0,24.1,0.0,0.63,0.0,0
122228,360,100.1,23.0,24.1,0.0,0.73,0.0,0
123278,360,100.15,23.0,24.1,0.0,0.69,0.0,0
124279,360,100.3,23.0,24.1,0.0,0.73,0.0,0
125329,360,100.13,23.0,24.1,0.0,0.8,0.0,0
126330,360,100.01,23.0,24.1,0.0,0.82,0.0,0
127380,360,0.0,23.0,24.1,0.0,0.68,0.0,0
128381,360,100.21,23.0,24.1,0.0,0.54,0.0,0
129431,360,99.95,23.0,24.1,0.0,0.67,0.0,0
130432,360,100.1,23.0,24.1,0.0,0.52,0.0,0
131482,360,100.1,23.0,24.1,0.0,0.72,0.0,0
132483,357,100.18,23.0,24.1,0.0,0.62,0.0,0
133533,360,100.01,23.0,24.1,0.0,0.66,0.0,0
134534,360,0.0,23.0,24.1,0.0,0.58,0.0,0
135584,360,0.0,23.0,24.1,0.0,0.89,0.0,0
136585,360,0.0,23.0,24.1,0.0,0.71,0.0,0
137635,360,98.74,23.0,24.1,0.0,0.69,0.0,0
138636,360,100.3,23.0,24.1,0.0,0.81,0.0,0
139686,360,100.01,23.0,24.1,0.0,0.69,0.0,0
140687,360,100.36,23.0,24.1,0.0,0.75,0.0,0
141737,360,99.84,23.0,24.1,0.0,0.89,0.0,0
142738,360,100.53,23.0,24.1,0.0,0.75,0.0,0
143788,360,100.07,23.0,24.1,0.0,0.69,0.0,0
144789,360,100.04,23.0,24.1,0.0,0.85,0.0,0
145839,360,100.18,23.0,24.1,0.0,0.84,0.0,0
146840,360,100.13,23.0,24.1,0.0,0.78,0.0,0
147890,360,100.04,23.0,24.1,0.0,0.72,0.0,0
148891,360,100.1,23.0,24.1,0.0,0.74,0.0,0
149941,360,100.07,23.0,24.1,0.0,0.79,0.0,0
150942,360,100.18,23.0,24.1,0.0,0.71,0.0,0
151992,360,100.07,23.0,24.1,0.0,0.56,0.0,0
152993,348,100.27,23.0,24.1,0.0,0.62,0.0,0
154043,360,100.04,23.0,24.1,0.0,0.79,0.0,0
155044,360,99.69,23.0,24.1,0.0,0.65,0.0,0
156094,360,100.15,23.0,24.1,0.0,0.67,0.0,0
157095,345,100.41,23.0,24.1,0.0,0.73,0.0,0
158145,360,99.95,23.0,24.1,0.0,0.68,0.0,0
159146,360,0.0,23.0,24.1,0.0,0.9,0.0,0
160196,360,100.1,23.0,24.1,0.0,0.87,0.0,0
161197,360,100.07,23.0,24.1,0.0,0.76,0.0,0
162247,360,99.95,23.0,24.1,0.0,0.7,0.0,0
163248,360,100.01,23.0,24.1,0.0,0.69,0.0,0
164298,360,99.64,23.0,24.1,0.0,0.47,0.0,0
165299,360,99.55,23.0,24.1,0.0,0.71,0.0,0
166349,360,0.0,22.9,24.1,0.0,0.96,0.0,0
167350,360,99.72,22.9,24.1,0.0,0.68,0.0,0
168400,360,99.95,23.0,24.1,0.0,0.72,0.0,0
169401,360,100.3,23.0,24.1,0.0,0.61,0.0,0
170451,360,100.47,23.0,24.1,0.0,0.8,0.0,0
171452,360,0.0,23.0,24.1,0.0,0.69,0.0,0
172502,360,0.0,23.0,24.1,0.0,0.83,0.0,0
173503,360,99.98,23.0,24.1,0.0,0.79,0.0,0
174553,360,99.95,23.0,24.1,0.0,0.79,0.0,0
175554,360,100.18,23.0,24.1,0.0,0.73,0.0,0
176604,360,99.92,22.9,24.1,0.0,0.75,0.0,0
177605,360,99.95,22.9,24.1,0.0,0.72,0.0,0
178655,360,100.13,23.0,24.1,0.0,0.76,0.0,0
179656,360,0.0,23.0,24.1,0.0,0.72,0.0,0
180706,360,99.95,22.9,24.1,0.0,0.9,0.0,0
181707,360,100.1,22.9,24.1,0.0,0.76,0.0,0
182757,360,100.07,22.9,24.1,0.0,0.82,0.0,0
183758,360,100.15,22.9,24.1,0.0,0.79,0.0,0
184808,360,100.1,22.9,24.1,0.0,0.8,0.0,0
185809,360,100.1,22.9,24.1,0.0,0.82,0.0,0
186859,360,99.72,22.9,24.1,0.0,0.69,0.0,0
187860,360,0.0,22.9,24.1,0.0,0.82,0.0,0
188910,360,100.1,22.9,24.1,0.0,0.75,0.0,0
189911,360,100.04,22.9,24.1,0.0,0.61,0.0,0
190961,360,99.12,23.0,24.0,0.0,0.77,0.0,0
191962,360,101.91,23.0,24.0,0.0,0.73,0.0,0
193013,360,100.24,22.9,23.8,0.0,0.75,0.0,0
194013,360,100.07,22.9,23.8,0.0,0.76,0.0,0
195064,360,100.18,22.9,23.8,0.0,0.82,0.0,0
196064,360,100.18,22.9,23.8,0.0,0.77,0.0,0
197115,360,100.07,22.9,23.8,0.0,0.85,0.0,0
198115,360,0.0,22.9,23.8,0.0,0.72,0.0,0
199166,360,0.0,22.9,23.8,0.0,0.78,0.0,0
200166,360,0.0,22.9,23.8,0.0,0.76,0.0,0
201217,360,0.0,22.9,23.8,0.0,0.64,0.0,0
202217,360,100.07,22.9,23.8,0.0,0.87,0.0,0
203268,360,100.1,22.9,23.8,0.0,0.64,0.0,0
204268,360,100.38,22.9,23.8,0.0,0.45,0.0,0
205319,360,100.27,22.9,23.8,0.0,0.42,0.0,0
206319,360,100.07,22.9,23.8,0.0,0.75,0.0,0
207370,360,99.84,22.9,23.8,0.0,0.73,0.0,0
208370,360,100.24,22.9,23.8,0.0,0.55,0.0,0
209421,360,100.41,22.9,23.8,0.0,0.9,0.0,0
210421,360,100.13,22.9,23.8,0.0,0.62,0.0,0
211472,360,0.0,23.0,23.8,0.0,0.7,0.0,0
212472,360,99.46,23.0,23.8,0.0,0.62,0.0,0
213523,360,100.27,23.0,23.8,0.0,0.9,0.0,0
214523,360,99.69,23.0,23.8,0.0,0.68,0.0,0
215574,360,99.92,23.0,23.8,0.0,0.71,0.0,0
216574,360,100.13,23.0,23.8,0.0,0.69,0.0,0
217625,360,100.1,23.0,23.8,0.0,0.77,0.0,0
218625,360,100.1,23.0,23.8,0.0,0.6,0.0,0
219676,360,0.0,23.0,23.8,0.0,0.74,0.0,0
220676,360,99.78,23.0,23.8,0.0,0.77,0.0,0
221727,360,0.0,23.0,23.8,0.0,0.71,0.0,0
222727,360,100.1,23.0,23.8,0.0,0.69,0.0,0
223778,360,100.07,23.0,23.8,0.0,0.75,0.0,0
224778,360,100.27,23.0,23.8,0.0,0.56,0.0,0
225829,360,100.3,23.0,23.8,0.0,0.79,0.0,0
226829,360,100.15,23.0,23.8,0.0,0.48,0.0,0
227880,360,100.1,23.0,23.8,0.0,0.77,0.0,0
228880,360,0.0,23.0,23.8,0.0,0.69,0.0,0
229931,360,100.15,23.0,23.8,0.0,0.77,0.0,0
230931,360,100.18,23.0,23.8,0.0,0.68,0.0,0
231982,360,100.07,23.0,23.8,0.0,0.69,0.0,0
232982,360,100.15,23.0,23.8,0.0,0.75,0.0,0
234033,360,99.95,23.0,23.8,0.0,0.8,0.0,0
235033,360,101.48,23.0,23.8,0.0,0.68,0.0,0
236084,360,99.95,23.0,23.8,0.0,0.93,0.0,0
237084,360,100.33,23.0,23.8,0.0,0.76,0.0,0
238135,360,100.3,23.0,23.8,0.0,0.77,0.0,0
239135,360,100.15,23.0,23.8,0.0,0.73,0.0,0
240186,360,100.13,23.0,23.8,0.0,0.62,0.0,0
241186,360,100.07,23.0,23.8,0.0,1.11,0.0,0
242237,360,100.04,23.0,23.8,0.0,0.63,0.0,0
243237,360,100.07,23.0,23.8,0.0,0.72,0.0,0
244288,360,100.04,23.0,23.8,0.0,0.79,0.0,0
245288,360,100.24,23.0,23.8,0.0,0.35,0.0,0
246339,360,99.84,23.0,23.8,0.0,0.96,0.0,0
247339,360,101.1,23.0,23.8,0.0,0.73,0.0,0
248390,360,0.0,23.0,23.8,0.0,0.66,0.0,0
249390,360,99.61,23.0,23.8,0.0,0.84,0.0,0
250441,360,100.99,23.0,23.8,0.0,0.75,0.0,0
251441,360,100.07,23.0,23.8,0.0,0.87,0.0,0
252492,360,99.49,23.0,23.8,0.0,0.74,0.0,0
253492,360,100.3,23.0,23.8,0.0,0.76,0.0,0
254543,360,99.61,23.0,23.8,0.0,0.62,0.0,0
255543,360,100.1,23.0,23.8,0.0,0.68,0.0,0
256594,360,99.92,23.0,23.8,0.0,0.65,0.0,0
257594,360,100.07,23.0,23.8,0.0,0.72,0.0,0
258645,360,100.04,23.0,23.8,0.0,0.85,0.0,0
259645,360,100.07,23.0,23.8,0.0,0.53,0.0,0
260696,360,0.0,23.0,23.8,0.0,0.66,0.0,0
261696,360,100.27,23.0,23.8,0.0,1.06,0.0,0
262747,360,100.1,23.0,23.8,0.0,0.7,0.0,0
263747,360,100.15,23.0,23.8,0.0,0.9,0.0,0
264798,360,100.07,23.0,23.8,0.0,0.68,0.0,0
265798,360,100.1,23.0,23.8,0.0,0.92,0.0,0
266849,360,0.0,23.0,23.8,0.0,0.85,0.0,0
267849,360,99.23,23.0,23.8,0.0,0.59,0.0,0
268900,360,99.64,23.0,23.8,0.0,0.63,0.0,0
269900,360,99.12,23.0,23.8,0.0,0.62,0.0,0
270951,360,99.61,23.0,23.8,0.0,0.52,0.0,0
271951,360,0.0,23.0,23.8,0.0,0.73,0.0,0
273002,360,100.18,23.0,23.8,0.0,0.89,0.0,0
274002,360,100.07,23.0,23.8,0.0,0.75,0.0,0
275053,360,100.1,23.0,23.8,0.0,0.79,0.0,0
276053,360,100.13,23.0,23.8,0.0,0.69,0.0,0
277104,360,100.01,23.0,23.8,0.0,0.82,0.0,0
278104,360,100.1,23.0,23.8,0.0,0.55,0.0,0
279155,360,99.98,23.0,23.8,0.0,0.69,0.0,0
280155,360,100.18,23.0,23.8,0.0,0.82,0.0,0
281206,360,100.1,23.0,23.8,0.0,0.7,0.0,0
282206,360,100.04,23.0,23.8,0.0,0.73,0.0,0
283257,360,99.66,23.0,23.8,0.0,0.69,0.0,0
284257,360,100.04,23.0,23.8,0.0,0.72,0.0,0
285308,360,99.38,22.9,23.8,0.0,0.61,0.0,0
286308,360,100.59,22.9,23.8,0.0,0.67,0.0,0
287359,360,100.01,22.9,23.8,0.0,0.97,0.0,0
288359,360,100.76,22.9,23.8,0.0,0.85,0.0,0
289410,360,99.64,22.9,23.8,0.0,0.62,0.0,0
290410,360,99.64,22.9,23.8,0.0,0.67,0.0,0
291461,360,100.15,22.9,23.8,0.0,0.85,0.0,0
292461,360,100.13,22.9,23.8,0.0,0.73,0.0,0
293512,360,99.92,22.9,23.8,0.0,0.76,0.0,0
294512,360,100.13,22.9,23.8,0.0,0.75,0.0,0
295563,360,100.04,22.9,23.8,0.0,0.94,0.0,0
296563,360,0.0,22.9,23.8,0.0,0.59,0.0,0
297614,360,99.98,23.0,23.8,0.0,0.7,0.0,0
298614,360,100.13,23.0,23.8,0.0,0.41,0.0,0
299665,360,100.1,22.9,23.8,0.0,0.82,0.0,0
300665,360,0.0,22.9,23.8,0.0,0.72,0.0,0
301716,360,0.0,22.9,24.1,0.0,0.69,0.0,0
302716,360,99.64,22.9,24.1,0.0,0.66,0.0,0
303766,360,99.58,22.9,24.8,0.0,1.04,0.0,0
304767,360,100.07,22.9,24.8,0.0,0.62,0.0,0
305818,360,0.0,22.9,25.3,0.0,0.76,0.0,0
306818,360,100.13,22.9,25.3,0.0,0.72,0.0,0
307868,360,100.13,22.9,26.2,0.0,0.84,0.0,0
308869,360,100.18,22.9,26.2,0.0,0.69,0.0,0
309920,360,100.15,23.0,27.1,0.0,0.61,0.0,0
310920,360,0.0,23.0,27.1,0.0,0.73,0.0,0
311971,360,100.15,22.9,27.6,0.0,0.44,0.0,0
312971,360,100.24,22.9,27.6,0.0,0.79,0.0,0
314022,292,0.0,22.9,27.6,0.0,0.82,0.0,0
315022,272,99.9,22.9,27.6,0.0,0.69,0.0,0
316073,271,99.95,23.0,28.0,0.0,0.81,0.0,0
317073,271,100.07,23.0,28.0,0.0,0.76,0.0,0
318124,271,100.15,23.0,28.0,0.0,0.66,0.0,0
319124,271,100.24,23.0,28.0,0.0,0.83,0.0,0
320175,271,100.07,23.0,28.5,0.0,0.73,0.0,0
321175,273,100.41,23.0,28.5,0.0,0.76,0.0,0
322226,271,99.95,23.0,28.5,0.0,0.64,0.0,0
323226,271,99.95,23.0,28.5,0.0,0.83,0.0,0
324277,271,100.07,23.0,28.5,0.0,0.76,0.0,0
325277,272,100.13,23.0,28.5,0.0,0.65,0.0,0
326328,272,100.47,22.9,28.5,0.0,0.69,0.0,0
327328,271,100.07,22.9,28.5,0.0,0.69,0.0,0
328379,272,100.53,23.0,28.5,0.0,0.69,0.0,0
329379,271,100.1,23.0,28.5,0.0,0.71,0.0,0
330430,268,99.95,23.0,28.9,0.0,0.9,0.0,0
331430,271,0.0,23.0,28.9,0.0,0.71,0.0,0
332481,274,100.01,23.0,30.2,0.0,0.8,0.0,0
333481,271,99.35,23.0,30.2,0.0,0.67,0.0,0
334532,271,100.1,23.0,30.8,0.0,0.75,0.0,0
335532,271,99.75,23.0,30.8,0.0,0.71,0.0,0
336583,271,99.18,23.0,31.3,0.0,0.87,0.0,0
337584,271,100.18,23.0,31.3,0.0,0.63,0.0,0
338635,271,0.0,23.1,31.8,0.0,0.74,0.0,0
339635,271,100.1,23.1,31.8,0.0,0.76,0.0,0
340686,273,100.18,23.1,31.8,0.0,0.76,0.0,0
341686,270,100.07,23.1,31.8,0.0,0.63,0.0,0
342737,273,99.75,23.1,32.3,0.0,0.75,0.0,0
343737,271,100.07,23.1,32.3,0.0,0.79,0.0,0
344788,271,99.98,23.2,32.3,0.0,0.82,0.0,0
345788,271,99.92,23.2,32.3,0.0,0.76,0.0,0
346838,271,100.13,23.2,32.3,0.0,0.72,0.0,0
347839,269,100.07,23.2,32.3,0.0,0.85,0.0,0
348889,269,99.64,23.2,32.3,0.0,0.55,0.0,0
349890,271,0.0,23.2,32.3,0.0,0.82,0.0,0
350940,271,100.18,23.2,32.3,0.0,0.9,0.0,0
351941,272,100.07,23.2,32.3,0.0,0.65,0.0,0
352992,272,0.0,23.2,32.3,0.0,0.84,0.0,0
353992,270,100.15,23.2,32.3,0.0,0.75,0.0,0
355043,272,100.24,23.2,32.3,0.0,0.75,0.0,0
356043,273,99.64,23.2,32.3,0.0,0.76,0.0,0
357093,272,100.13,23.2,32.3,0.0,0.75,0.0,0
358094,272,100.15,23.2,32.3,0.0,0.71,0.0,0
359145,272,100.07,23.3,31.8,0.0,0.74,0.0,0
360145,272,100.1,23.3,31.8,0.0,0.75,0.0,0
361196,272,99.84,23.3,31.8,0.0,0.84,0.0,0
362196,271,99.72,23.3,31.8,0.0,0.94,0.0,0
363247,272,100.21,23.3,31.8,0.0,0.73,0.0,0
364247,270,99.84,23.3,31.8,0.0,0.64,0.0,0
365298,269,100.04,23.4,31.8,0.0,0.77,0.0,0
366298,272,0.0,23.4,31.8,0.0,0.76,0.0,0
367349,270,100.1,23.4,31.3,0.0,0.8,0.0,0
368349,272,100.13,23.4,31.3,0.0,0.63,0.0,0
369400,268,100.07,23.4,31.3,0.0,0.8,0.0,0
370400,273,100.56,23.4,31.3,0.0,0.71,0.0,0
371451,269,99.81,23.5,31.3,0.0,0.64,0.0,0
372451,271,100.04,23.5,31.3,0.0,0.68,0.0,0
373502,266,99.9,23.5,31.3,0.0,0.76,0.0,0
374502,271,100.41,23.5,31.3,0.0,0.79,0.0,0
375553,271,99.84,23.5,31.3,0.0,0.61,0.0,0
376553,268,0.0,23.5,31.3,0.0,0.67,0.0,0
377604,269,99.98,23.6,30.8,0.0,0.81,0.0,0
378604,274,0.0,23.6,30.8,0.0,0.94,0.0,0
379655,273,99.92,23.6,30.8,0.0,0.7,0.0,0
380655,272,99.72,23.6,30.8,0.0,0.81,0.0,0
381706,269,99.49,23.6,30.8,0.0,0.83,0.0,0
382706,272,99.84,23.6,30.8,0.0,0.81,0.0,0
383757,272,97.62,23.7,30.8,0.0,0.7,0.0,0
384757,271,99.84,23.7,30.8,0.0,0.72,0.0,0
385808,271,100.1,23.7,30.2,0.0,0.76,0.0,0
386808,272,99.81,23.7,30.2,0.0,0.76,0.0,0
387859,271,100.1,23.8,30.2,0.0,0.77,0.0,0
388859,271,99.95,23.8,30.2,0.0,0.75,0.0,0
389910,275,0.0,23.8,30.8,0.0,0.68,0.0,0
390910,271,100.15,23.8,30.8,0.0,0.2,0.0,0
391961,272,99.66,23.8,30.8,0.0,0.68,0.0,0
392961,271,101.28,23.8,30.8,0.0,0.44,0.0,0
394012,271,100.84,23.8,30.8,0.0,0.71,0.0,0
395012,269,100.18,23.8,30.8,0.0,0.68,0.0,0
396063,271,100.1,23.8,30.8,0.0,0.57,0.0,0
397063,273,100.07,23.8,30.8,0.0,0.73,0.0,0
398114,271,0.0,23.8,30.8,0.0,0.73,0.0,0
399114,273,99.81,23.8,30.8,0.0,0.62,0.0,0
400165,271,100.07,23.8,30.8,0.0,0.89,0.0,0
401165,272,99.92,23.8,30.8,0.0,0.8,0.0,0
402216,272,100.07,23.8,30.8,0.0,0.7,0.0,0
403216,272,100.24,23.8,30.8,0.0,0.98,0.0,0
404267,271,0.0,23.8,30.8,0.0,0.76,0.0,0
405267,272,100.1,23.8,30.8,0.0,0.78,0.0,0
406318,271,100.01,23.9,30.8,0.0,0.75,0.0,0
407318,272,100.47,23.9,30.8,0.0,0.7,0.0,0
408369,272,100.01,23.9,30.2,0.0,0.78,0.0,0
409369,271,100.01,23.9,30.2,0.0,0.73,0.0,0
410420,271,99.49,23.9,30.2,0.0,0.75,0.0,0
411420,271,0.0,23.9,30.2,0.0,0.87,0.0,0
412471,273,100.07,24.0,30.2,0.0,0.76,0.0,0
413471,272,99.9,24.0,30.2,0.0,0.74,0.0,0
414522,268,100.1,24.1,30.2,0.0,0.73,0.0,0
415522,275,100.04,24.1,30.2,0.0,0.54,0.0,0
416573,269,0.0,24.2,30.2,0.0,0.77,0.0,0
417573,271,99.95,24.2,30.2,0.0,0.76,0.0,0
418624,273,100.21,24.2,29.8,0.0,0.66,0.0,0
419624,271,99.09,24.2,29.8,0.0,0.63,0.0,0
420675,269,100.18,24.2,29.8,0.0,0.7,0.0,0
421675,271,100.56,24.2,29.8,0.0,0.76,0.0,0
422726,271,100.13,24.2,29.8,0.0,0.75,0.0,0
423726,271,99.95,24.2,29.8,0.0,0.67,0.0,0
424777,274,99.98,24.3,29.8,0.0,0.81,0.0,0
425777,271,99.95,24.3,29.8,0.0,0.62,0.0,0
426828,274,100.07,24.3,29.8,0.0,0.62,0.0,0
427828,269,100.1,24.3,29.8,0.0,0.47,0.0,0
428879,272,100.1,24.3,29.3,0.0,0.33,0.0,0
429879,272,99.84,24.3,29.3,0.0,0.69,0.0,0
430930,270,99.98,24.3,29.3,0.0,0.82,0.0,0
431930,271,99.98,24.3,29.3,0.0,0.73,0.0,0
432981,272,99.84,24.3,29.3,0.0,0.76,0.0,0
433981,271,100.07,24.3,29.3,0.0,0.62,0.0,0
435032,272,100.18,24.3,29.3,0.0,0.82,0.0,0
436032,272,100.1,24.3,29.3,0.0,0.62,0.0,0
437083,271,100.1,24.3,29.3,0.0,0.66,0.0,0
438083,271,100.1,24.3,29.3,0.0,0.75,0.0,0
439134,271,100.04,24.3,28.9,0.0,0.68,0.0,0
440134,272,99.95,24.3,28.9,0.0,0.77,0.0,0
441185,272,99.49,24.4,28.9,0.0,0.35,0.0,0
442185,272,99.55,24.4,28.9,0.0,0.69,0.0,0
443236,269,99.95,24.4,28.9,0.0,0.62,0.0,0
444236,271,0.0,24.4,28.9,0.0,0.76,0.0,0
445287,273,99.81,24.4,28.9,0.0,0.7,0.0,0
446287,272,100.1,24.4,28.9,0.0,0.7,0.0,0
447338,271,99.64,24.4,28.9,0.0,0.69,0.0,0
448338,271,100.13,24.4,28.9,0.0,0.82,0.0,0
449389,271,100.07,24.4,28.5,0.0,0.62,0.0,0
450389,271,100.1,24.4,28.5,0.0,0.69,0.0,0
451440,271,100.01,24.4,28.5,0.0,0.75,0.0,0
452440,271,100.1,24.4,28.5,0.0,0.75,0.0,0
453491,268,100.01,24.4,28.5,0.0,0.81,0.0,0
454491,273,100.24,24.4,28.5,0.0,0.42,0.0,0
455542,269,100.01,24.4,28.5,0.0,0.69,0.0,0
456542,276,100.01,24.4,28.5,0.0,0.68,0.0,0
457593,271,100.47,24.4,28.5,0.0,0.63,0.0,0
458593,271,99.2,24.4,28.5,0.0,0.64,0.0,0
459644,272,0.0,24.4,28.0,0.0,0.79,0.0,0
460644,269,100.27,24.4,28.0,0.0,0.75,0.0,0
461695,272,100.53,24.4,28.0,0.0,0.82,0.0,0
462695,271,0.0,24.4,28.0,0.0,0.69,0.0,0
463746,271,100.18,24.4,28.0,0.0,0.61,0.0,0
464746,275,100.01,24.4,28.0,0.0,0.74,0.0,0
465797,271,99.9,24.4,28.0,0.0,0.51,0.0,0
466797,271,100.07,24.4,28.0,0.0,0.8,0.0,0
467847,273,100.13,24.4,28.0,0.0,0.81,0.0,0
468848,272,100.07,24.4,28.0,0.0,0.85,0.0,0
469899,272,100.18,24.4,27.6,0.0,0.87,0.0,0
470899,272,100.01,24.4,27.6,0.0,0.76,0.0,0
471950,271,100.15,24.3,27.6,0.0,0.7,0.0,0
472950,272,0.0,24.3,27.6,0.0,0.67,0.0,0
474001,271,100.1,24.3,27.6,0.0,0.64,0.0,0
475001,272,100.07,24.3,27.6,0.0,0.74,0.0,0
476052,272,99.95,24.3,27.6,0.0,0.62,0.0,0
477052,272,100.1,24.3,27.6,0.0,0.68,0.0,0
478103,273,100.3,24.3,27.6,0.0,0.77,0.0,0
479103,272,99.95,24.3,27.6,0.0,0.8,0.0,0
480154,271,99.98,24.3,27.6,0.0,0.76,0.0,0
481154,273,0.0,24.3,27.6,0.0,0.72,0.0,0
482205,272,0.0,24.3,27.1,0.0,0.79,0.0,0
483205,272,101.3,24.3,27.1,0.0,0.71,0.0,0
484256,271,100.76,24.3,27.1,0.0,0.85,0.0,0
485256,272,100.53,24.3,27.1,0.0,0.74,0.0,0
486307,272,99.49,24.3,27.1,0.0,0.76,0.0,0
487307,269,100.04,24.3,27.1,0.0,0.72,0.0,0
488358,271,100.53,24.3,27.1,0.0,0.8,0.0,0
489358,268,100.07,24.3,27.1,0.0,0.66,0.0,0
490409,271,100.07,24.2,27.1,0.0,0.57,0.0,0
491409,272,100.21,24.2,27.1,0.0,0.69,0.0,0
492460,271,100.24,24.2,27.1,0.0,0.83,0.0,0
493460,272,100.07,24.2,27.1,0.0,0.32,0.0,0
494511,271,100.04,24.2,27.1,0.0,0.89,0.0,0
495511,271,100.07,24.2,27.1,0.0,0.71,0.0,0
496562,272,100.04,24.2,27.1,0.0,0.69,0.0,0
497562,271,100.24,24.2,27.1,0.0,0.76,0.0,0
498613,272,100.01,24.2,26.7,0.0,0.7,0.0,0
499613,272,100.38,24.2,26.7,0.0,0.78,0.0,0
500664,272,100.1,24.2,26.7,0.0,0.78,0.0,0
501664,272,0.0,24.2,26.7,0.0,0.64,0.0,0
502715,272,100.3,24.2,26.7,0.0,0.76,0.0,0
503715,272,100.1,24.2,26.7,0.0,0.72,0.0,0
504765,272,99.58,24.2,26.7,0.0,0.72,0.0,0
505765,272,99.78,24.2,26.7,0.0,0.85,0.0,0
506815,267,100.18,24.2,26.7,0.0,0.62,0.0,0
507815,272,100.3,24.2,26.7,0.0,0.88,0.0,0
508865,271,100.15,24.2,26.7,0.0,0.68,0.0,0
509865,271,0.0,24.2,26.7,0.0,0.63,0.0,0
510915,274,100.64,24.2,26.7,0.0,0.67,0.0,0
511915,271,99.64,24.2,26.7,0.0,0.9,0.0,0
512966,269,101.33,24.1,26.7,0.0,0.75,0.0,0
513966,271,100.56,24.1,26.7,0.0,0.7,0.0,0
515017,272,0.0,24.1,26.2,0.0,0.14,0.0,0
516017,271,0.0,24.1,26.2,0.0,0.61,0.0,0
517068,271,100.13,24.1,26.2,0.0,0.82,0.0,0
518068,272,100.24,24.1,26.2,0.0,0.48,0.0,0
519119,272,100.13,24.1,26.2,0.0,0.72,0.0,0
520119,271,100.04,24.1,26.2,0.0,0.24,0.0,0
521170,272,100.15,24.1,26.2,0.0,0.75,0.0,0
522170,272,0.0,24.1,26.2,0.0,0.86,0.0,0
523221,271,100.13,24.1,26.2,0.0,0.76,0.0,0
524221,273,100.1,24.1,26.2,0.0,0.73,0.0,0
525272,271,0.0,24.1,26.2,0.0,0.87,0.0,0
526272,272,100.13,24.1,26.2,0.0,0.74,0.0,0
527323,272,100.27,24.1,26.2,0.0,0.41,0.0,0
528323,271,100.04,24.1,26.2,0.0,0.75,0.0,0
529374,271,100.15,24.1,26.2,0.0,0.74,0.0,0
530374,271,100.04,24.1,26.2,0.0,0.48,0.0,0
531425,269,100.07,24.1,26.2,0.0,0.69,0.0,0
532425,272,99.95,24.1,26.2,0.0,0.88,0.0,0
533476,272,100.18,24.1,26.2,0.0,0.82,0.0,0
534476,270,100.07,24.1,26.2,0.0,0.76,0.0,0
535527,272,99.15,24.0,25.8,0.0,0.89,0.0,0
536527,271,100.07,24.0,25.8,0.0,0.74,0.0,0
537578,271,99.78,24.0,25.8,0.0,0.73,0.0,0
538578,272,100.56,24.0,25.8,0.0,0.53,0.0,0
539629,272,0.0,24.0,25.8,0.0,0.75,0.0,0
540629,272,100.07,24.0,25.8,0.0,0.74,0.0,0
541680,272,99.9,24.0,25.8,0.0,0.79,0.0,0
542680,271,100.18,24.0,25.8,0.0,0.76,0.0,0
543731,271,100.36,24.0,25.8,0.0,0.66,0.0,0
544731,263,0.0,24.0,25.8,0.0,0.74,0.0,0
545782,269,100.41,24.0,25.8,0.0,0.97,0.0,0
546782,272,100.07,24.0,25.8,0.0,0.81,0.0,0
547832,273,100.13,24.0,25.8,0.0,0.8,0.0,0
548832,271,100.44,24.0,25.8,0.0,0.8,0.0,0
549882,271,99.64,24.0,25.8,0.0,0.74,0.0,0
550882,270,100.13,24.0,25.8,0.0,0.69,0.0,0
551933,272,100.18,23.9,25.8,0.0,0.74,0.0,0
552933,280,100.04,23.9,25.8,0.0,0.79,0.0,0
553984,271,100.15,23.9,25.8,0.0,0.69,0.0,0
554984,271,100.1,23.9,25.8,0.0,0.72,0.0,0
556035,272,100.15,23.9,25.8,0.0,0.75,0.0,0
557035,271,0.0,23.9,25.8,0.0,0.62,0.0,0
558086,271,100.3,23.9,25.8,0.0,0.62,0.0,0
559086,269,100.15,23.9,25.8,0.0,0.64,0.0,0
560137,274,100.53,23.9,25.3,0.0,0.75,0.0,0
561137,273,100.15,23.9,25.3,0.0,0.67,0.0,0
562188,272,99.69,23.9,25.3,0.0,0.84,0.0,0
563188,271,100.01,23.9,25.3,0.0,0.67,0.0,0
564239,272,100.1,23.9,25.3,0.0,0.62,0.0,0
565239,273,100.13,23.9,25.3,0.0,0.75,0.0,0
566290,271,100.13,23.9,25.3,0.0,0.8,0.0,0
567290,271,99.64,23.9,25.3,0.0,0.8,0.0,0
568341,273,100.1,23.9,25.3,0.0,0.67,0.0,0
569341,274,100.07,23.9,25.3,0.0,0.72,0.0,0
570392,272,100.15,23.9,25.3,0.0,0.54,0.0,0
571392,272,99.64,23.9,25.3,0.0,0.79,0.0,0
572443,271,99.9,23.9,25.3,0.0,0.71,0.0,0
573443,269,100.1,23.9,25.3,0.0,0.69,0.0,0
574494,272,100.13,23.9,25.3,0.0,0.69,0.0,0
575494,269,100.1,23.9,25.3,0.0,0.62,0.0,0
576545,274,0.0,23.9,25.3,0.0,0.69,0.0,0
577545,271,99.95,23.9,25.3,0.0,0.7,0.0,0
578596,272,100.1,23.9,25.3,0.0,0.68,0.0,0
579596,273,100.15,23.9,25.3,0.0,0.67,0.0,0
580647,273,100.18,23.9,25.3,0.0,0.75,0.0,0
581647,273,100.15,23.9,25.3,0.0,0.74,0.0,0
582698,273,100.1,23.8,25.3,1.35,0.69,0.93,0
583698,273,100.41,23.8,25.3,1.27,0.68,0.86,0
584749,272,0.0,23.8,25.3,1.3,0.92,1.2,0
585749,271,99.92,23.8,25.3,0.33,0.68,0.23,0
586800,271,99.81,23.9,25.3,0.0,0.29,0.0,0
587800,271,100.1,23.9,25.3,0.0,0.77,0.0,0
588850,269,100.04,23.8,24.8,0.0,0.49,0.0,0
589851,272,100.01,23.8,24.8,0.0,0.63,0.0,0
590901,271,99.92,23.8,24.8,0.0,0.8,0.0,0
591902,271,100.1,23.8,24.8,0.0,0.95,0.0,0
592952,272,100.56,23.8,24.8,0.0,0.66,0.0,0
593953,272,0.0,23.8,24.8,0.0,0.9,0.0,0
595003,273,0.0,23.8,24.8,0.0,0.9,0.0,0
596004,269,99.66,23.8,24.8,0.0,0.73,0.0,0
597054,272,0.0,23.8,24.8,0.21,0.83,0.17,0
598055,271,100.1,23.8,24.8,0.0,0.68,0.0,0
599105,274,99.84,23.8,24.8,0.0,0.71,0.0,0
600106,277,0.0,23.8,24.8,0.0,0.76,0.0,0
601156,274,100.47,23.8,24.8,0.55,0.79,0.43,0
602157,272,100.13,23.8,24.8,0.0,0.66,0.0,0
603207,272,100.01,23.8,24.8,0.32,0.69,0.22,0
604208,272,100.3,23.8,24.8,1.23,0.56,0.69,0
605258,271,101.13,23.8,24.8,0.88,0.7,0.62,0
606259,271,0.0,23.8,24.8,1.02,0.45,0.46,0
607309,271,100.3,23.8,24.8,0.88,0.69,0.61,0
608310,271,100.47,23.8,24.8,1.14,0.82,0.94,0
609360,269,100.18,23.8,24.8,0.87,0.69,0.61,0
610361,268,0.0,23.8,24.8,0.98,0.83,0.81,0
611411,274,100.07,23.8,24.8,0.28,0.76,0.21,0
612412,278,100.04,23.8,24.8,0.0,0.75,0.0,0
613462,269,100.1,23.8,24.8,0.53,0.48,0.25,0
614463,272,100.76,23.8,24.8,0.66,0.73,0.48,0
615513,272,99.52,23.8,24.8,0.7,0.82,0.57,0
616514,271,0.0,23.8,24.8,0.0,0.71,0.0,0
617564,271,100.15,23.8,24.8,0.0,0.83,0.0,0
618565,269,0.0,23.8,24.8,0.0,0.7,0.0,0
619615,271,100.21,23.8,24.8,0.0,0.69,0.0,0
620616,272,100.01,23.8,24.8,0.0,0.59,0.0,0
621667,271,100.07,23.8,24.5,0.0,0.75,0.0,0
622667,274,100.3,23.8,24.5,1.31,0.77,1.01,0
623718,273,100.1,23.8,24.5,0.0,0.69,0.0,0
624718,271,100.04,23.8,24.5,1.21,0.64,0.78,0
625769,271,99.64,23.8,24.5,1.21,0.61,0.74,0
626769,272,100.24,23.8,24.5,0.61,0.79,0.48,0
627820,272,100.87,23.8,24.5,1.14,0.17,0.2,0
628820,271,99.92,23.8,24.5,0.89,0.76,0.68,0
629871,272,100.3,23.8,24.5,0.46,0.78,0.36,0
630871,272,100.61,23.8,24.5,0.0,0.65,0.0,0
631922,272,100.41,23.8,24.5,1.25,0.71,0.89,0
632922,273,0.0,23.8,24.5,1.15,0.8,0.92,0
633973,269,0.0,23.8,24.5,1.21,0.52,0.64,0
634973,272,100.07,23.8,24.5,1.17,0.62,0.72,0
636024,272,100.1,23.8,24.5,1.14,0.81,0.92,0
637024,271,100.13,23.8,24.5,1.08,0.63,0.69,0
638075,272,0.0,23.8,24.5,1.18,0.68,0.8,0
639075,273,100.18,23.8,24.5,0.51,0.73,0.37,0
640126,272,100.18,23.8,24.5,1.08,0.8,0.86,0
641126,272,99.95,23.8,24.5,1.14,0.66,0.76,0
642177,271,100.1,23.8,24.5,1.03,0.62,0.64,0
643177,272,100.15,23.8,24.5,0.93,0.65,0.61,0
644228,271,100.3,23.8,24.5,0.47,0.96,0.46,0
645228,273,100.07,23.8,24.5,0.91,0.74,0.67,0
646279,271,100.07,23.8,24.5,0.63,0.73,0.46,0
647279,272,100.01,23.8,24.5,0.47,0.98,0.46,0
648330,271,98.28,23.8,24.5,0.47,0.14,0.07,0
649330,271,100.07,23.8,24.5,0.86,0.68,0.58,0
650381,268,100.24,23.8,24.5,0.0,0.76,0.0,0
651381,272,99.95,23.8,24.5,0.0,0.77,0.0,0
652432,271,0.0,23.8,24.5,0.0,0.63,0.0,0
653432,272,100.15,23.8,24.5,0.0,0.61,0.0,0
654483,269,100.01,23.8,24.5,0.0,0.72,0.0,0
655483,271,100.1,23.8,24.5,0.0,0.79,0.0,0
656534,272,100.07,23.8,24.5,0.0,0.69,0.0,0
657534,269,99.61,23.8,24.5,0.0,0.78,0.0,0
658585,272,99.9,23.9,24.5,0.0,0.84,0.0,0
659585,271,100.1,23.9,24.5,0.0,0.75,0.0,0
660636,271,99.52,23.8,24.5,0.0,0.94,0.0,0
661636,271,100.07,23.8,24.5,0.0,0.61,0.0,0
662687,273,99.81,23.9,24.5,0.0,0.67,0.0,0
663687,272,100.07,23.9,24.5,0.0,0.65,0.0,0
664738,272,100.1,23.8,24.5,0.0,0.69,0.0,0
665738,271,0.0,23.8,24.5,0.0,0.62,0.0,0
666789,272,100.15,23.9,24.5,0.0,0.77,0.0,0
667789,272,99.2,23.9,24.5,0.0,0.63,0.0,0
668840,272,99.78,23.8,24.5,0.0,0.76,0.0,0
669840,274,0.0,23.8,24.5,0.0,0.71,0.0,0
670891,270,99.75,23.8,24.5,0.0,0.66,0.0,0
671891,272,100.07,23.8,24.5,0.0,0.77,0.0,0
672942,271,99.98,23.8,24.5,0.0,0.78,0.0,0
673942,272,100.07,23.8,24.5,0.0,0.76,0.0,0
674993,271,100.18,23.8,24.5,0.0,0.78,0.0,0
675993,290,0.0,23.8,24.5,0.0,0.76,0.0,0
677044,266,100.18,23.8,24.5,0.0,0.62,0.0,0
678044,272,99.95,23.8,24.5,0.0,0.69,0.0,0
679095,272,100.13,23.8,24.5,0.0,0.87,0.0,0
680095,271,100.53,23.8,24.5,0.0,0.73,0.0,0
681146,273,100.13,23.8,24.5,0.0,0.84,0.0,0
682146,271,0.0,23.8,24.5,0.0,0.72,0.0,0
683197,273,99.69,23.8,24.5,0.0,0.72,0.0,0
684197,271,100.13,23.8,24.5,0.0,0.71,0.0,0
685248,269,0.0,23.8,24.5,0.0,0.48,0.0,0
686248,274,100.07,23.8,24.5,0.0,0.76,0.0,0
687299,273,100.1,23.8,24.5,0.0,0.49,0.0,0
688299,271,99.95,23.8,24.5,0.0,0.69,0.0,0
689350,274,100.24,23.8,24.5,0.0,0.7,0.0,0
690350,273,100.01,23.8,24.5,0.0,0.54,0.0,0
691401,272,100.07,23.8,24.5,0.0,0.78,0.0,0
692401,275,99.58,23.8,24.5,0.0,0.78,0.0,0
693452,272,100.21,23.8,24.4,0.0,0.76,0.0,0
694452,271,100.41,23.8,24.4,0.0,0.63,0.0,0
695503,272,100.18,23.8,24.1,0.0,0.69,0.0,0
696503,273,100.04,23.8,24.1,0.0,0.75,0.0,0
697554,272,99.95,23.8,24.1,0.0,0.75,0.0,0
698554,272,100.01,23.8,24.1,0.0,0.85,0.0,0
699605,272,100.07,23.8,24.1,0.0,0.63,0.0,0
700605,271,100.13,23.8,24.1,0.0,0.69,0.0,0
701656,269,100.04,23.8,24.1,0.0,0.76,0.0,0
702656,269,100.07,23.8,24.1,0.0,0.75,0.0,0
703707,272,0.0,23.8,24.1,0.0,0.73,0.0,0
704707,273,100.1,23.8,24.1,0.0,0.69,0.0,0
705758,271,100.27,23.7,24.1,0.0,0.89,0.0,0
706758,271,100.1,23.7,24.1,0.0,0.75,0.0,0
707809,274,100.24,23.7,24.1,0.0,0.62,0.0,0
708809,273,100.01,23.7,24.1,0.0,0.54,0.0,0
709860,272,99.81,23.7,24.1,0.0,0.62,0.0,0
710860,271,100.18,23.7,24.1,0.0,0.82,0.0,0
711911,272,100.15,23.7,24.1,0.0,0.7,0.0,0
712911,271,100.13,23.7,24.1,0.0,0.8,0.0,0
713962,272,100.93,23.7,24.1,0.0,0.73,0.0,0
714962,272,100.24,23.7,24.1,0.0,0.67,0.0,0
716013,273,100.1,23.7,24.1,0.0,0.68,0.0,0
717013,272,100.07,23.7,24.1,0.0,0.61,0.0,0
718064,272,100.1,23.7,24.1,0.0,0.67,0.0,0
719064,270,100.04,23.7,24.1,0.0,0.62,0.0,0
720115,272,100.07,23.7,24.1,0.0,1.02,0.0,0
721115,268,100.24,23.7,24.1,0.0,0.63,0.0,0
722166,273,100.15,23.7,24.1,0.0,0.64,0.0,0
723166,269,100.27,23.7,24.1,0.0,0.61,0.0,0
724217,272,100.38,23.7,24.1,0.0,0.75,0.0,0
725217,272,100.41,23.7,24.1,0.0,0.62,0.0,0
726268,271,99.78,23.6,24.1,0.0,0.66,0.0,0
727268,271,99.81,23.6,24.1,0.0,0.61,0.0,0
728319,272,100.38,23.6,24.1,0.0,0.84,0.0,0
729319,276,100.13,23.6,24.1,0.0,0.65,0.0,0
730370,272,100.07,23.6,24.1,0.0,0.75,0.0,0
731370,269,0.0,23.6,24.1,0.0,0.71,0.0,0
732421,272,100.3,23.6,24.1,0.0,0.66,0.0,0
733421,273,100.1,23.6,24.1,0.0,0.85,0.0,0
734472,271,99.9,23.6,24.1,0.0,0.8,0.0,0
735472,273,100.18,23.6,24.1,0.0,0.75,0.0,0
736523,271,100.04,23.6,24.1,0.0,0.66,0.0,0
737523,269,0.0,23.6,24.1,0.0,0.76,0.0,0
738574,274,100.13,23.6,24.1,0.0,0.62,0.0,0
739574,268,100.04,23.6,24.1,0.0,0.48,0.0,0
740625,272,100.04,23.6,24.1,0.0,0.74,0.0,0
741625,269,0.0,23.6,24.1,0.0,0.57,0.0,0
742676,271,100.18,23.6,24.1,0.0,0.62,0.0,0
743676,272,99.98,23.6,24.1,0.0,0.64,0.0,0
744727,271,99.66,23.6,24.1,0.0,0.79,0.0,0
745727,269,100.41,23.6,24.1,0.0,0.63,0.0,0
746778,271,99.9,23.6,24.1,0.0,0.73,0.0,0
747778,271,100.18,23.6,24.1,0.0,0.77,0.0,0
748829,269,100.1,23.6,24.1,0.0,0.74,0.0,0
749829,272,100.18,23.6,24.1,0.0,0.72,0.0,0
750880,269,100.07,23.5,24.1,0.0,0.62,0.0,0
751880,269,0.0,23.5,24.1,0.0,0.69,0.0,0
752930,271,100.1,23.6,24.1,0.0,0.81,0.0,0
753931,271,100.1,23.6,24.1,0.0,0.67,0.0,0
754981,272,0.0,23.5,24.1,0.0,0.76,0.0,0
755982,272,100.1,23.5,24.1,0.0,0.67,0.0,0
757032,272,100.38,23.5,24.1,0.0,0.74,0.0,0
758033,272,99.72,23.5,24.1,0.0,0.63,0.0,0
759083,270,100.07,23.5,24.1,0.0,0.62,0.0,0
760084,271,0.0,23.5,24.1,0.0,0.59,0.0,0
761135,271,100.3,23.5,23.8,0.0,0.76,0.0,0
762135,274,100.1,23.5,23.8,0.0,0.43,0.0,0
763186,271,99.9,23.5,23.8,0.0,0.78,0.0,0
764186,273,100.15,23.5,23.8,0.0,0.69,0.0,0
765237,272,100.41,23.5,23.8,0.0,0.63,0.0,0
766237,272,100.07,23.5,23.8,0.0,0.85,0.0,0
767288,272,100.07,23.5,23.8,0.0,0.69,0.0,0
768288,272,100.3,23.5,23.8,0.0,0.62,0.0,0
769339,273,100.15,23.5,23.8,0.0,0.76,0.0,0
770339,277,100.13,23.5,23.8,0.0,0.67,0.0,0
771390,272,100.1,23.5,23.8,0.0,0.75,0.0,0
772390,271,100.07,23.5,23.8,0.0,0.71,0.0,0
773441,273,99.92,23.5,23.8,0.0,0.97,0.0,0
774441,269,99.95,23.5,23.8,0.0,0.68,0.0,0
775492,274,99.69,23.5,23.8,0.0,0.77,0.0,0
776492,272,100.1,23.5,23.8,0.0,0.67,0.0,0
777543,272,100.13,23.5,23.8,0.0,0.61,0.0,0
778543,274,100.1,23.5,23.8,0.0,0.68,0.0,0
779594,272,100.04,23.5,23.8,0.0,0.63,0.0,0
780594,268,100.07,23.5,23.8,0.0,0.7,0.0,0
781645,264,100.07,23.5,23.8,0.0,0.48,0.0,0
782645,272,100.1,23.5,23.8,0.0,0.63,0.0,0
783696,271,100.1,23.5,23.8,0.0,0.62,0.0,0
784696,268,100.01,23.5,23.8,0.0,0.76,0.0,0
785747,269,100.41,23.4,23.8,0.0,0.67,0.0,0
786747,271,99.49,23.4,23.8,0.0,0.62,0.0,0
787798,271,100.01,23.4,23.8,0.0,0.73,0.0,0
788798,271,100.21,23.4,23.8,0.0,0.58,0.0,0
789849,269,100.27,23.4,23.8,0.0,0.71,0.0,0
790849,269,100.04,23.4,23.8,0.0,0.69,0.0,0
791900,268,100.1,23.4,23.8,0.0,0.67,0.0,0
792900,273,100.18,23.4,23.8,0.0,0.76,0.0,0
793951,271,99.43,23.4,23.8,0.0,0.69,0.0,0
794951,271,100.15,23.4,23.8,0.0,0.69,0.0,0
796002,271,100.24,23.4,23.8,0.0,0.73,0.0,0
797002,272,99.95,23.4,23.8,0.0,0.59,0.0,0
798053,271,100.15,23.4,23.8,0.0,0.75,0.0,0
799053,272,100.15,23.4,23.8,0.0,0.75,0.0,0
800104,270,0.0,23.4,23.8,0.46,0.77,0.35,0
801104,275,99.95,23.4,23.8,1.13,0.21,0.24,0
802155,274,100.1,23.4,23.8,0.0,1.02,0.0,0
803155,272,100.07,23.4,23.8,1.2,0.67,0.81,0
804206,272,100.24,23.4,23.8,1.28,0.53,0.68,0
805206,269,100.07,23.4,23.8,0.0,0.56,0.0,0
806257,271,99.64,23.4,23.8,0.63,0.79,0.5,0
807257,272,100.04,23.4,23.8,0.83,0.65,0.54,0
808308,272,100.1,23.4,23.8,1.27,0.59,0.76,0
809308,269,100.01,23.4,23.8,1.32,0.75,0.99,0
810359,274,100.1,23.4,23.8,0.51,0.7,0.36,0
811359,265,99.84,23.4,23.8,0.0,0.69,0.0,0
812410,273,100.84,23.5,23.8,1.24,0.63,0.79,0
813410,272,100.38,23.5,23.8,0.0,0.58,0.0,0
814461,272,100.27,23.5,23.8,0.0,0.75,0.0,0
815461,272,99.72,23.5,23.8,1.36,0.62,0.84,0
816512,271,0.0,23.5,23.8,0.98,0.79,0.78,0
817512,275,99.92,23.5,23.8,1.26,0.67,0.84,0
818563,267,100.1,23.5,23.8,0.45,0.69,0.31,0
819563,265,0.0,23.5,23.8,1.3,0.82,1.07,0
820614,273,0.0,23.6,23.8,0.0,0.76,0.0,0
821614,272,100.13,23.6,23.8,0.0,0.56,0.0,0
822665,272,100.18,23.6,23.8,0.0,0.79,0.0,0
823665,273,100.27,23.6,23.8,0.0,0.68,0.0,0
824716,272,100.41,23.6,23.8,0.0,0.74,0.0,0
825716,269,100.24,23.6,23.8,0.0,0.66,0.0,0
826767,271,100.1,23.7,23.8,0.0,0.68,0.0,0
827767,272,100.04,23.7,23.8,1.02,0.59,0.6,0
828818,272,0.0,23.7,23.8,0.64,0.69,0.45,0
829818,273,99.98,23.7,23.8,0.71,0.69,0.49,0
830869,272,100.01,23.7,23.8,0.0,0.67,0.0,0
831869,271,99.29,23.7,23.8,0.0,0.62,0.0,0
832920,272,100.13,23.8,23.8,0.0,0.7,0.0,0
833920,271,98.8,23.8,23.8,0.0,0.71,0.0,0
834971,272,100.1,23.8,23.8,1.2,0.74,0.89,0
835971,271,100.36,23.8,23.8,1.3,0.45,0.58,0
837022,271,99.64,23.8,23.8,1.34,0.38,0.51,0
838022,268,100.1,23.8,23.8,1.29,0.53,0.68,0
839073,273,100.18,23.8,23.8,1.29,0.66,0.85,0
840073,271,100.1,23.8,23.8,1.3,0.6,0.78,0
841124,272,100.1,23.8,23.8,1.25,0.71,0.88,0
842124,271,0.0,23.8,23.8,1.22,1.17,1.42,0
843175,271,0.0,23.8,23.8,1.19,0.62,0.73,0
844175,273,100.1,23.8,23.8,1.24,0.75,0.94,0
845226,273,100.07,23.8,23.8,1.16,1.32,1.52,0
846226,272,100.27,23.8,23.8,1.19,0.69,0.82,0
847277,277,99.66,23.9,23.8,0.78,0.84,0.66,0
848277,275,100.3,23.9,23.8,0.63,0.63,0.4,0
849328,271,100.87,23.9,23.8,0.94,0.77,0.72,0
850328,272,100.1,23.9,23.8,1.29,0.69,0.89,0
851379,272,0.0,23.9,23.8,1.41,0.76,1.07,0
852379,271,100.18,23.9,23.8,1.33,0.71,0.95,0
853430,271,100.18,23.9,23.8,1.34,0.68,0.91,0
854430,272,100.15,23.9,23.8,1.15,0.71,0.82,0
855481,267,100.04,23.9,23.8,1.22,0.76,0.92,0
856481,272,100.01,23.9,23.8,1.2,0.74,0.89,0
857532,273,100.13,23.9,23.8,1.2,0.76,0.91,0
858532,279,100.1,23.9,23.8,0.98,0.62,0.61,0
859583,272,100.07,23.9,23.8,0.0,0.81,0.0,0
860583,269,99.69,23.9,23.8,1.16,0.59,0.68,0
861634,271,100.15,24.0,23.8,0.0,0.79,0.0,0
862634,272,100.27,24.0,23.8,0.71,0.73,0.52,0
863685,272,100.38,24.0,23.8,1.28,0.76,0.97,0
864685,271,100.13,24.0,23.8,0.44,0.68,0.3,0
865736,269,100.07,24.0,23.8,1.34,0.69,0.92,0
866736,273,100.13,24.0,23.8,0.59,0.78,0.46,0
867787,271,100.07,24.0,23.8,0.42,0.72,0.3,0
868787,271,0.0,24.0,23.8,0.0,0.7,0.0,0
869838,271,100.56,24.0,23.8,0.0,0.73,0.0,0
870838,271,101.33,24.0,23.8,0.0,0.82,0.0,0
871889,273,100.01,24.0,23.8,0.0,0.77,0.0,0
872889,272,100.1,24.0,23.8,0.0,0.72,0.0,0
873940,271,100.07,24.0,23.8,0.0,0.79,0.0,0
874940,272,100.18,24.0,23.8,0.0,0.8,0.0,0
875991,271,100.27,24.0,23.8,0.0,0.75,0.0,0
876991,271,0.0,24.0,23.8,0.0,0.69,0.0,0
878042,274,100.07,24.0,23.8,0.0,0.78,0.0,0
879042,271,99.64,24.0,23.8,0.0,0.39,0.0,0
880093,271,99.66,24.0,23.8,0.0,0.74,0.0,0
881093,273,100.04,24.0,23.8,0.0,0.82,0.0,0
882144,272,100.13,24.0,23.8,0.0,0.55,0.0,0
883144,274,0.0,24.0,23.8,0.0,0.31,0.0,0
884195,272,0.0,24.0,23.8,0.0,0.66,0.0,0
885195,271,100.24,24.0,23.8,0.0,0.62,0.0,0
886245,272,100.04,24.0,23.8,0.0,0.99,0.0,0
887245,273,0.0,24.0,23.8,0.0,0.65,0.0,0
888295,271,100.3,24.0,23.8,0.0,0.64,0.0,0
889295,274,99.49,24.0,23.8,0.0,0.72,0.0,0
890345,272,100.24,24.0,23.8,0.0,0.68,0.0,0
891345,272,100.07,24.0,23.8,0.0,0.66,0.0,0
892395,269,100.07,24.0,23.8,0.0,0.76,0.0,0
893395,271,100.1,24.0,23.8,0.0,0.72,0.0,0
894445,272,100.07,24.0,23.8,0.0,0.75,0.0,0
895445,267,100.04,24.0,23.8,0.0,0.69,0.0,0
896495,274,100.01,24.0,23.8,0.0,0.69,0.0,0
897495,273,100.15,24.0,23.8,0.0,0.66,0.0,0
898546,274,100.5,24.0,23.8,0.0,0.7,0.0,0
899546,272,99.98,24.0,23.8,0.0,0.65,0.0,0
900597,271,100.1,24.0,23.8,0.0,0.61,0.0,0
901597,272,99.95,24.0,23.8,0.0,0.75,0.0,0
902648,271,100.1,24.0,23.8,0.0,0.62,0.0,0
903648,271,100.15,24.0,23.8,0.0,0.73,0.0,0
904699,275,100.1,24.0,23.8,0.0,0.77,0.0,0
905699,268,100.36,24.0,23.8,0.0,0.56,0.0,0
906750,273,100.38,24.0,23.8,0.0,0.8,0.0,0
907750,272,101.22,24.0,23.8,0.0,0.62,0.0,0
908801,271,100.3,24.0,23.8,0.0,0.81,0.0,0
909801,272,0.0,24.0,23.8,0.0,0.72,0.0,0
910852,271,100.04,23.9,23.8,0.0,0.66,0.0,0
911852,271,100.01,23.9,23.8,0.0,0.7,0.0,0
912903,271,100.1,23.9,23.8,0.0,0.65,0.0,0
913903,273,99.95,23.9,23.8,0.0,0.24,0.0,0
914954,272,100.1,23.9,23.8,0.0,0.63,0.0,0
915954,274,100.07,23.9,23.8,0.0,0.77,0.0,0
917005,271,100.04,23.9,23.8,0.0,0.74,0.0,0
918005,276,100.27,23.9,23.8,0.0,0.64,0.0,0
919056,271,100.07,23.9,23.8,0.0,0.76,0.0,0
920056,272,100.15,23.9,23.8,0.0,0.77,0.0,0
921107,272,100.13,23.9,23.8,0.0,0.89,0.0,0
922107,272,100.18,23.9,23.8,0.0,0.79,0.0,0
923158,271,100.15,23.9,23.8,0.0,0.69,0.0,0
924158,274,100.01,23.9,23.8,0.0,0.63,0.0,0
925209,274,100.1,23.9,23.8,0.0,0.9,0.0,0
926209,272,100.01,23.9,23.8,0.0,0.39,0.0,0
927260,271,100.1,23.9,23.8,0.0,0.69,0.0,0
928260,265,100.07,23.9,23.8,0.0,0.78,0.0,0
929311,273,101.07,23.9,23.8,0.0,0.76,0.0,0
930311,271,99.66,23.9,23.8,1.1,0.76,0.84,0
931362,274,100.1,23.9,23.8,1.39,0.72,1.0,0
932362,272,100.24,23.9,23.8,0.71,0.59,0.42,0
933413,265,100.07,23.9,23.8,0.0,0.72,0.0,0
934413,271,0.0,23.9,23.8,0.0,0.9,0.0,0
935464,269,100.1,23.9,23.8,0.0,0.86,0.0,0
936464,267,100.04,23.9,23.8,0.0,0.87,0.0,0
937515,271,100.04,23.9,23.8,0.0,0.72,0.0,0
938515,273,99.95,23.9,23.8,0.0,0.66,0.0,0
939566,271,99.95,23.9,23.8,0.0,0.69,0.0,0
940566,271,100.18,23.9,23.8,0.0,0.74,0.0,0
941617,271,100.1,23.9,23.8,0.0,0.62,0.0,0
942617,271,99.81,23.9,23.8,0.0,0.76,0.0,0
943668,269,100.07,23.9,23.8,0.0,0.69,0.0,0
944668,272,100.13,23.9,23.8,0.0,0.48,0.0,0
945719,271,100.07,23.8,23.8,0.0,0.71,0.0,0
946719,272,99.92,23.8,23.8,0.0,0.68,0.0,0
947770,272,0.0,23.8,23.8,0.0,0.62,0.0,0
948770,272,0.0,23.8,23.8,0.0,0.76,0.0,0
949821,271,0.0,23.8,23.8,0.0,0.67,0.0,0
950821,273,0.0,23.8,23.8,0.0,0.71,0.0,0
951872,276,100.18,23.8,23.8,0.0,0.65,0.0,0
952872,273,100.1,23.8,23.8,0.0,0.62,0.0,0
953923,271,100.13,23.8,23.8,0.0,0.64,0.0,0
954923,271,100.1,23.8,23.8,0.0,0.63,0.0,0
955974,272,100.18,23.8,23.8,0.0,0.73,0.0,0
956974,272,0.0,23.8,23.8,1.32,0.75,1.0,0
958025,272,100.1,23.8,23.8,1.01,0.76,0.76,0
959025,272,100.38,23.8,23.8,1.37,0.78,1.07,0
960076,272,100.04,23.8,23.8,1.24,0.51,0.63,0
961076,272,99.95,23.8,23.8,0.94,0.72,0.67,0
962127,272,100.38,23.8,23.8,0.37,0.68,0.25,0
963127,271,100.15,23.8,23.8,1.21,0.27,0.32,0
964178,272,100.3,23.8,23.8,1.24,0.7,0.87,0
965178,272,99.64,23.8,23.8,0.23,0.64,0.15,0
966229,272,0.0,23.8,23.8,0.58,0.76,0.44,0
967229,272,100.18,23.8,23.8,1.3,0.58,0.75,0
968280,271,100.07,23.8,23.8,1.35,0.68,0.92,0
969280,272,100.07,23.8,23.8,1.33,0.75,1.0,0
970331,264,99.95,23.8,23.8,0.51,0.78,0.4,0
971331,271,100.1,23.8,23.8,0.0,0.59,0.0,0
972382,272,99.64,23.8,23.8,1.55,0.63,0.98,0
973382,272,99.84,23.8,23.8,1.54,0.62,0.95,0
974433,271,100.01,23.7,23.8,1.73,0.65,1.13,0
975433,273,99.92,23.7,23.8,1.35,0.69,0.94,0
976484,272,100.1,23.7,23.8,1.47,0.83,1.22,0
977484,271,100.01,23.7,23.8,1.37,0.6,0.82,0
978535,272,0.0,23.7,23.8,1.36,0.8,1.09,0
979535,271,99.78,23.7,23.8,1.37,0.92,1.26,0
980586,272,100.04,23.8,23.8,1.38,0.69,0.95,0
981586,272,99.95,23.8,23.8,1.36,0.74,1.01,0
982637,269,100.59,23.8,23.8,1.35,0.69,0.93,0
983637,274,101.07,23.8,23.8,1.32,0.72,0.95,0
984688,271,100.18,23.8,23.8,1.3,0.75,0.98,0
985688,272,100.07,23.8,23.8,1.51,0.62,0.93,0
986739,272,99.84,23.8,23.8,1.3,0.78,1.01,0
987739,272,0.0,23.8,23.8,1.21,0.66,0.8,0
988790,271,100.15,23.8,23.8,1.3,0.62,0.81,0
989790,275,100.07,23.8,23.8,1.3,0.55,0.72,0
990841,271,100.61,23.9,23.8,1.26,0.76,0.96,0
991841,271,0.0,23.9,23.8,1.24,0.59,0.73,0
992892,272,100.18,23.9,23.7,1.2,0.78,0.94,0
993893,273,100.1,23.9,23.7,1.28,0.74,0.94,0
994944,273,100.15,23.9,23.7,1.24,0.76,0.94,0
995945,271,0.0,23.9,23.7,1.2,1.2,1.44,0
996996,272,99.84,23.9,23.6,0.69,0.51,0.35,0
997996,271,100.1,23.9,23.6,0.0,0.78,0.0,0
999047,272,100.13,23.9,23.6,0.0,0.69,0.0,0
1000047,272,0.0,23.9,23.6,0.0,0.81,0.0,0
1001098,272,100.15,23.9,23.5,0.0,0.63,0.0,0
1002098,271,100.36,23.9,23.5,0.0,0.66,0.0,0
1003149,273,100.15,23.9,23.5,0.0,0.66,0.0,0
1004149,272,100.1,23.9,23.5,0.0,0.65,0.0,0
1005200,271,100.15,23.9,23.5,0.0,0.76,0.0,0
1006200,272,0.0,23.9,23.5,0.0,0.55,0.0,0
1007251,269,100.1,23.9,23.5,0.0,0.69,0.0,0
1008251,273,100.24,23.9,23.5,0.0,0.74,0.0,0
1009302,269,100.27,23.9,23.4,0.0,0.7,0.0,0
1010302,273,0.0,23.9,23.4,0.0,0.62,0.0,0
1011353,273,100.56,23.9,23.4,0.0,0.81,0.0,0
1012353,273,100.18,23.9,23.4,0.0,0.75,0.0,0
1013404,272,100.13,23.9,23.4,0.0,0.67,0.0,0
1014404,271,0.0,23.9,23.4,0.0,0.71,0.0,0
1015455,272,100.04,23.9,23.4,0.0,0.75,0.0,0
1016455,274,99.95,23.9,23.4,0.0,0.77,0.0,0
1017506,272,100.15,23.9,23.4,0.0,0.65,0.0,0
1018506,273,100.07,23.9,23.4,0.0,0.72,0.0,0
1019557,272,101.02,23.9,23.4,0.0,0.8,0.0,0
1020557,273,100.1,23.9,23.4,0.0,0.78,0.0,0
1021608,271,100.33,23.9,23.4,0.0,0.76,0.0,0
1022608,272,99.95,23.9,23.4,0.0,0.57,0.0,0
1023659,272,100.15,23.9,23.4,0.0,0.76,0.0,0
1024659,279,100.07,23.9,23.4,0.0,0.45,0.0,0
1025710,277,100.15,23.9,23.4,0.0,0.69,0.0,0
1026710,271,0.0,23.9,23.4,0.0,0.55,0.0,0
1027761,269,99.12,23.9,23.4,0.0,0.74,0.0,0
1028761,271,100.18,23.9,23.4,0.0,0.83,0.0,0
1029812,272,0.0,23.9,23.4,0.0,0.48,0.0,0
1030812,272,100.1,23.9,23.4,0.0,0.62,0.0,0
1031863,272,99.72,23.9,23.4,0.0,0.7,0.0,0
1032863,272,100.15,23.9,23.4,0.0,0.81,0.0,0
1033914,272,100.1,23.9,23.4,0.0,0.64,0.0,0
1034914,273,100.1,23.9,23.4,0.0,0.96,0.0,0
1035965,271,100.01,23.9,23.4,0.0,0.66,0.0,0
1036965,273,100.07,23.9,23.4,0.0,0.73,0.0,0
1038016,272,0.0,23.9,23.4,0.0,0.77,0.0,0
1039016,272,100.13,23.9,23.4,0.0,0.48,0.0,0
1040067,271,99.92,23.9,23.4,0.0,0.63,0.0,0
1041067,272,100.01,23.9,23.4,0.0,0.55,0.0,0
1042118,269,99.98,23.9,23.4,0.0,0.7,0.0,0
1043118,271,100.13,23.9,23.4,0.0,0.76,0.0,0
1044169,272,0.0,23.8,23.4,0.0,0.83,0.0,0
1045169,272,100.13,23.8,23.4,0.0,0.75,0.0,0
1046220,271,100.59,23.8,23.4,0.0,0.73,0.0,0
1047220,271,100.1,23.8,23.4,0.0,0.71,0.0,0
1048271,272,100.18,23.8,23.4,0.0,0.73,0.0,0
1049271,272,100.13,23.8,23.4,0.0,0.61,0.0,0
1050322,271,0.0,23.8,23.4,1.31,0.75,0.98,0
1051322,271,100.1,23.8,23.4,1.34,0.59,0.8,0
1052373,270,0.0,23.8,23.4,1.33,0.61,0.81,0
1053373,269,100.1,23.8,23.4,1.21,0.48,0.58,0
1054424,270,100.15,23.8,23.4,0.25,0.63,0.16,0
1055424,272,99.95,23.8,23.4,0.0,0.7,0.0,0
1056475,273,99.46,23.8,23.4,1.38,0.65,0.89,0
1057475,272,100.04,23.8,23.4,1.43,0.8,1.15,0
1058526,268,0.0,23.8,23.4,1.4,1.17,1.64,0
1059526,274,100.3,23.8,23.4,1.4,0.48,0.67,0
1060577,271,100.1,23.8,23.4,1.33,0.91,1.21,0
1061577,277,0.0,23.8,23.4,1.63,0.74,1.21,0
1062628,272,100.24,23.8,23.4,1.41,1.16,1.63,0
1063628,272,98.8,23.8,23.4,1.41,0.76,1.07,0
1064679,272,100.1,23.8,23.4,1.41,0.72,1.01,0
1065679,271,100.24,23.8,23.4,1.38,0.77,1.07,0
1066730,264,99.84,23.9,23.4,0.71,0.75,0.53,0
1067730,272,99.9,23.9,23.4,1.41,1.17,1.65,0
1068781,271,100.01,23.9,23.4,1.4,0.66,0.93,0
1069781,271,100.01,23.9,23.4,1.34,0.61,0.82,0
1070832,271,100.1,23.9,23.4,1.35,0.76,1.03,0
1071832,272,100.56,23.9,23.4,1.41,0.77,1.09,0
1072883,271,99.58,23.9,23.4,1.37,0.26,0.35,0
1073883,275,100.59,23.9,23.4,1.23,0.72,0.88,0
1074934,271,100.07,23.9,23.4,1.4,0.77,1.08,0
1075934,273,100.07,23.9,23.4,1.44,0.57,0.82,0
1076985,271,99.92,23.9,23.4,1.11,0.66,0.73,0
1077985,269,100.1,23.9,23.4,0.0,0.34,0.0,0
1079036,271,0.0,24.0,23.4,0.0,0.73,0.0,0
1080036,269,100.24,24.0,23.4,0.0,0.76,0.0,0
1081087,273,0.0,24.0,23.4,0.0,0.64,0.0,0
1082087,272,100.07,24.0,23.4,0.0,0.75,0.0,0
1083138,269,100.1,24.0,23.4,0.0,0.66,0.0,0
1084138,271,100.13,24.0,23.4,0.0,0.68,0.0,0
1085189,271,100.18,24.0,23.4,0.0,0.76,0.0,0
1086189,272,100.07,24.0,23.4,0.0,0.54,0.0,0
1087240,271,100.18,24.0,23.4,0.0,0.72,0.0,0
1088240,271,100.21,24.0,23.4,0.0,0.64,0.0,0
1089291,271,100.01,24.0,23.4,0.0,0.7,0.0,0
1090291,272,0.0,24.0,23.4,0.0,0.9,0.0,0
1091342,271,99.78,24.0,23.4,0.0,0.72,0.0,0
1092342,272,100.13,24.0,23.4,0.0,0.72,0.0,0
1093393,274,100.38,24.0,23.4,1.12,0.77,0.86,0
1094393,269,0.0,24.0,23.4,0.37,0.78,0.29,0
1095444,273,0.0,24.1,23.4,1.26,0.56,0.71,0
1096444,272,99.23,24.1,23.4,1.31,0.81,1.06,0
1097495,272,0.0,24.1,23.4,1.32,0.69,0.92,0
1098495,271,0.0,24.1,23.4,1.29,0.63,0.81,0
1099546,271,100.04,24.0,23.4,1.28,0.66,0.85,0
1100546,274,99.9,24.0,23.4,1.21,0.67,0.81,0
1101597,274,100.27,24.1,23.4,0.0,0.69,0.0,0
1102597,271,100.18,24.1,23.4,1.2,0.76,0.92,0
1103648,272,99.49,24.1,23.4,1.2,0.81,0.97,0
1104648,271,0.0,24.1,23.4,0.0,0.82,0.0,0
1105699,272,99.72,24.0,23.4,0.0,0.76,0.0,0
1106699,272,100.15,24.0,23.4,0.0,0.68,0.0,0
1107750,271,0.0,24.0,23.4,0.0,0.53,0.0,0
1108750,271,0.0,24.0,23.4,0.0,0.48,0.0,0
1109801,271,100.13,24.0,23.4,0.0,0.7,0.0,0
1110801,278,99.98,24.0,23.4,0.0,0.62,0.0,0
1111852,360,99.43,24.0,23.4,0.0,0.8,0.0,0
1112852,360,99.84,24.0,23.4,0.0,0.57,0.0,0
1113903,360,100.13,24.0,23.4,0.0,0.5,0.0,0
1114903,360,100.01,24.0,23.4,0.0,0.69,0.0,0
1115954,360,99.98,24.0,23.4,1.25,0.66,0.83,0
1116954,360,100.13,24.0,23.4,1.32,0.62,0.82,0
1118005,360,100.04,24.0,23.4,1.02,0.76,0.78,0
1119005,360,100.04,24.0,23.4,1.37,0.61,0.84,0
1120056,360,100.59,24.0,23.4,0.95,0.72,0.69,0
1121056,360,0.0,24.0,23.4,0.0,0.62,0.0,0
1122107,360,0.0,24.0,23.4,1.33,0.67,0.89,0
1123107,360,100.1,24.0,23.4,1.35,0.7,0.95,0
1124158,360,100.18,24.0,23.4,1.38,0.75,1.03,0
1125158,360,100.04,24.0,23.4,1.26,0.51,0.64,0
1126209,360,100.07,23.9,23.4,1.35,0.74,1.0,0
1127209,360,100.13,23.9,23.4,1.46,0.78,1.14,0
1128260,360,100.13,23.9,23.4,1.46,0.67,0.97,0
1129260,360,0.0,23.9,23.4,1.44,0.64,0.92,0
1130311,360,99.81,23.9,23.4,1.39,0.68,0.94,0
1131311,360,100.04,23.9,23.4,1.47,0.69,1.02,0
1132362,360,99.78,23.9,23.4,1.36,0.75,1.02,0
1133362,360,100.07,23.9,23.4,1.35,0.63,0.85,0
1134413,360,100.1,23.9,23.4,1.3,0.79,1.03,0
1135413,360,100.07,23.9,23.4,0.0,0.21,0.0,0
1136464,360,100.33,24.0,23.4,0.0,0.66,0.0,0
1137464,360,99.98,24.0,23.4,0.0,0.82,0.0,0
1138515,360,0.0,24.0,23.4,0.0,0.72,0.0,0
1139515,360,99.95,24.0,23.4,0.0,0.66,0.0,0
1140566,360,100.15,24.0,23.4,0.0,0.62,0.0,0
1141566,360,100.13,24.0,23.4,0.0,0.62,0.0,0
1142616,360,100.1,24.0,23.4,0.0,0.78,0.0,0
1143616,360,100.13,24.0,23.4,0.0,0.71,0.0,0
1144666,360,99.87,24.0,23.4,0.0,0.71,0.0,0
1145666,360,99.66,24.0,23.4,0.0,0.66,0.0,0
1146716,360,100.18,24.0,23.4,0.0,0.59,0.0,0
1147716,360,100.07,24.0,23.4,0.0,0.65,0.0,0
1148766,360,0.0,24.0,23.4,0.0,0.7,0.0,0
1149766,360,100.1,24.0,23.4,0.0,0.73,0.0,0
1150816,360,100.3,24.0,23.4,0.0,0.85,0.0,0
1151816,360,100.07,24.0,23.4,0.0,0.53,0.0,0
1152866,360,0.0,24.0,23.4,0.0,1.03,0.0,0
1153866,360,100.1,24.0,23.4,0.0,0.6,0.0,0
1154916,360,100.27,24.0,23.4,0.0,0.38,0.0,0
1155916,360,100.01,24.0,23.4,0.0,0.61,0.0,0
1156966,360,100.13,24.0,23.4,0.0,0.76,0.0,0
1157966,360,100.04,24.0,23.4,0.0,0.59,0.0,0
1159016,360,100.1,24.0,23.4,0.0,0.75,0.0,0
1160016,360,100.1,24.0,23.4,0.0,1.13,0.0,0
1161066,360,99.98,24.0,23.4,0.0,0.67,0.0,0
1162066,360,100.04,24.0,23.4,0.0,0.74,0.0,0
1163116,360,99.2,24.0,23.4,0.0,0.71,0.0,0
1164116,360,100.1,24.0,23.4,0.0,0.76,0.0,0
1165166,360,99.64,24.0,23.4,0.0,0.69,0.0,0
1166166,360,100.13,24.0,23.4,0.0,0.8,0.0,0
1167217,360,100.1,23.9,23.4,0.0,0.65,0.0,0
1168217,360,100.13,23.9,23.4,0.0,0.9,0.0,0
1169268,360,99.81,23.9,23.4,0.0,0.78,0.0,0
1170268,360,99.98,23.9,23.4,0.0,0.76,0.0,0
1171319,360,100.01,23.9,23.4,0.0,0.76,0.0,0
1172319,360,99.95,23.9,23.4,0.0,0.56,0.0,0
1173370,360,99.95,23.9,23.4,0.0,0.82,0.0,0
1174370,360,100.3,23.9,23.4,0.0,0.82,0.0,0
1175421,360,100.13,23.9,23.4,0.0,0.73,0.0,0
1176421,360,100.21,23.9,23.4,0.0,0.64,0.0,0
1177472,360,99.98,23.9,23.4,0.0,0.76,0.0,0
1178472,360,99.95,23.9,23.4,0.0,0.58,0.0,0
1179523,360,100.27,23.9,23.4,0.0,0.67,0.0,0
1180523,360,100.1,23.9,23.4,0.0,0.63,0.0,0
1181574,360,100.1,23.9,23.4,0.0,0.42,0.0,0
1182574,360,100.38,23.9,23.4,0.0,0.62,0.0,0
1183625,360,99.95,23.9,23.4,0.0,0.77,0.0,0
1184625,360,99.95,23.9,23.4,0.0,0.73,0.0,0
1185676,360,0.0,23.9,23.4,0.0,0.72,0.0,0
1186676,360,0.0,23.9,23.4,0.0,0.62,0.0,0
1187727,360,0.0,23.9,23.4,0.0,0.82,0.0,0
1188727,360,0.0,23.9,23.4,0.0,0.66,0.0,0
1189778,360,0.0,23.9,23.4,0.0,0.84,0.0,0
1190778,360,0.0,23.9,23.4,0.0,0.74,0.0,0
1191829,360,0.0,23.9,23.4,0.0,0.82,0.0,0
1192829,360,0.0,23.9,23.4,0.0,0.68,0.0,0
1193880,360,0.0,23.8,23.4,0.0,0.71,0.0,0
1194880,360,0.0,23.8,23.4,0.0,0.73,0.0,0
1195931,360,0.0,23.8,23.4,0.0,0.73,0.0,0
1196931,360,0.0,23.8,23.4,0.0,0.62,0.0,0
1197982,360,0.0,23.8,23.4,0.0,0.71,0.0,0
1198982,360,0.0,23.8,23.4,0.0,0.78,0.0,0
1200033,360,0.0,23.8,23.4,0.0,0.9,0.0,0
1201033,360,0.0,23.8,23.4,0.0,0.77,0.0,0
1202084,360,0.0,23.8,23.4,0.0,0.79,0.0,0
1203084,360,0.0,23.8,23.4,0.0,0.43,0.0,0
1204135,360,0.0,23.8,23.4,0.0,0.76,0.0,0
1205135,360,0.0,23.8,23.4,0.0,0.75,0.0,0
1206186,360,0.0,23.8,23.4,0.0,0.75,0.0,0
1207186,360,0.0,23.8,23.4,0.0,0.69,0.0,0
1208237,360,0.0,23.8,23.4,0.0,0.75,0.0,0
1209237,360,0.0,23.8,23.4,0.0,0.62,0.0,0
1210288,360,0.0,23.7,23.4,0.0,0.73,0.0,0
1211288,360,0.0,23.7,23.4,0.0,0.74,0.0,0
1212339,360,0.0,23.7,23.4,0.0,0.69,0.0,0
1213339,360,0.0,23.7,23.4,0.0,1.16,0.0,0
1214390,360,0.0,23.7,23.4,0.0,0.77,0.0,0
1215390,360,0.0,23.7,23.4,0.0,0.62,0.0,0
1216441,360,0.0,23.7,23.4,0.0,0.71,0.0,0
1217441,360,0.0,23.7,23.4,0.0,0.55,0.0,0
1218492,360,0.0,23.7,23.4,0.0,0.76,0.0,0
1219492,360,0.0,23.7,23.4,0.0,0.69,0.0,0
1220543,360,0.0,23.7,23.4,0.55,0.74,0.41,0
1221543,360,99.69,23.7,23.4,0.0,0.69,0.0,0
1222594,360,100.13,23.7,23.4,0.0,0.69,0.0,0
1223594,360,100.13,23.7,23.4,1.31,0.57,0.75,0
1224645,360,100.1,23.6,23.4,1.3,0.89,1.16,0
1225645,360,99.78,23.6,23.4,1.33,0.63,0.84,0
1226696,360,100.18,23.6,23.4,1.46,0.69,1.01,0
1227696,360,100.07,23.6,23.4,1.42,0.65,0.92,0
1228747,360,0.0,23.6,23.4,1.33,0.71,0.95,0
1229747,360,100.56,23.6,23.4,1.35,0.59,0.8,0
1230798,360,100.18,23.6,23.4,1.12,0.74,0.83,0
1231798,360,100.3,23.6,23.4,1.19,0.81,0.96,0
1232849,360,100.04,23.6,23.4,0.78,0.63,0.49,0
1233849,360,0.0,23.6,23.4,1.37,0.62,0.85,0
1234900,360,99.92,23.6,23.4,1.44,0.69,1.0,0
1235900,360,100.21,23.6,23.4,1.31,0.28,0.36,0
1236951,360,100.07,23.6,23.4,1.3,0.31,0.41,0
1237951,360,100.1,23.6,23.4,1.22,0.58,0.7,0
1239002,360,99.61,23.6,23.4,1.18,0.72,0.84,0
1240002,360,100.1,23.6,23.4,0.0,0.75,0.0,0
1241053,360,100.1,23.6,23.4,1.34,0.82,1.1,0
1242053,360,100.18,23.6,23.4,1.6,0.69,1.1,0
1243104,360,100.21,23.5,23.4,1.37,0.62,0.85,0
1244104,360,100.1,23.5,23.4,1.33,0.56,0.75,0
1245155,360,0.0,23.5,23.4,0.0,0.75,0.0,0
1246155,360,0.0,23.5,23.4,1.39,0.64,0.89,0
1247206,360,100.04,23.5,23.4,0.0,1.23,0.0,0
1248206,360,100.41,23.5,23.4,0.0,0.69,0.0,0
1249257,360,100.24,23.5,23.4,1.31,0.51,0.66,0
1250257,360,99.84,23.5,23.4,1.2,0.55,0.66,0
1251308,360,100.15,23.5,23.4,1.3,0.77,1.0,0
1252308,360,99.98,23.5,23.4,1.4,0.71,1.0,0
1253359,360,100.04,23.5,23.4,1.45,0.71,1.03,0
1254359,360,100.07,23.5,23.4,1.4,0.74,1.03,0
1255410,360,100.18,23.5,23.4,1.36,0.7,0.95,0
1256410,360,100.13,23.5,23.4,1.34,0.92,1.24,0
1257461,360,100.24,23.5,23.4,1.31,0.76,1.0,0
1258461,360,99.64,23.5,23.4,1.44,0.7,1.01,0
1259512,360,100.38,23.5,23.4,1.3,0.74,0.97,0
1260512,360,100.24,23.5,23.4,1.33,0.72,0.96,0
1261563,360,100.01,23.5,23.4,1.31,0.65,0.84,0
1262563,360,100.1,23.5,23.4,0.57,0.76,0.43,0
1263614,360,100.13,23.5,23.4,0.0,0.8,0.0,0
1264614,360,99.98,23.5,23.4,1.34,0.62,0.83,0
1265665,360,0.0,23.5,23.4,0.92,0.68,0.62,0
1266665,360,0.0,23.5,23.4,1.37,0.73,1.0,0
1267716,360,100.82,23.5,23.4,1.25,0.6,0.75,0
1268716,360,99.69,23.5,23.4,1.01,0.69,0.69,0
1269767,360,100.27,23.5,23.4,1.23,0.72,0.88,0
1270767,360,99.9,23.5,23.4,1.28,0.71,0.9,0
1271818,360,100.07,23.5,23.4,1.31,0.62,0.81,0
1272818,360,0.0,23.5,23.4,1.17,0.72,0.84,0
1273869,360,100.07,23.5,23.4,1.14,0.75,0.85,0
1274869,360,100.15,23.5,23.4,1.42,0.65,0.92,0
1275920,360,99.84,23.5,23.4,1.23,0.79,0.97,0
1276920,360,100.18,23.5,23.4,1.3,0.84,1.09,0
1277971,360,100.1,23.5,23.4,1.29,0.63,0.81,0
1278971,360,99.84,23.5,23.4,0.36,0.68,0.25,0
1280022,360,100.07,23.5,23.4,0.7,0.62,0.43,0
1281022,360,99.9,23.5,23.4,1.23,0.77,0.95,0
1282073,360,100.15,23.5,23.4,1.12,0.58,0.65,0
1283073,360,99.92,23.5,23.4,1.28,0.72,0.92,0
1284124,360,100.04,23.5,23.4,1.28,0.76,0.97,0
1285124,360,100.5,23.5,23.4,1.29,0.65,0.84,0
1286175,360,100.07,23.5,23.4,0.0,0.66,0.0,0
1287175,360,0.0,23.5,23.4,0.0,0.34,0.0,0
1288226,360,100.07,23.5,23.4,0.0,0.7,0.0,0
1289226,360,100.1,23.5,23.4,0.0,0.69,0.0,0
1290277,360,99.9,23.5,23.4,0.0,0.76,0.0,0
1291277,360,100.04,23.5,23.4,0.0,0.69,0.0,0
1292328,360,100.15,23.5,23.4,1.32,0.72,0.95,0
1293328,360,98.8,23.5,23.4,1.26,0.59,0.75,0
1294379,360,100.1,23.6,23.4,0.95,0.63,0.6,0
1295379,360,100.47,23.6,23.4,1.27,0.75,0.95,0
1296430,360,0.0,23.5,23.4,1.31,0.67,0.87,0
1297430,360,100.21,23.5,23.4,1.19,0.68,0.81,0
1298481,360,99.72,23.5,23.4,1.32,1.34,1.77,0
1299481,360,0.0,23.5,23.4,1.25,0.69,0.87,0
1300532,360,100.13,23.6,23.4,1.29,0.55,0.7,0
1301532,360,100.01,23.6,23.4,1.32,0.81,1.06,0
1302583,360,0.0,23.6,23.4,1.27,0.77,0.98,0
1303583,360,99.84,23.6,23.4,1.33,0.42,0.56,0
1304634,360,100.07,23.6,23.4,1.19,0.72,0.85,0
1305634,360,100.01,23.6,23.4,1.39,0.66,0.92,0
1306685,360,100.13,23.6,23.4,1.3,0.54,0.7,0
1307685,360,100.07,23.6,23.4,1.23,0.82,1.01,0
1308736,360,0.0,23.6,23.4,1.16,0.0,0.0,0
1309736,360,100.24,23.6,23.4,1.18,0.76,0.89,0
1310787,360,100.18,23.6,23.4,1.28,0.99,1.27,0
1311787,360,0.0,23.6,23.4,1.25,0.53,0.66,0
1312838,360,0.0,23.6,23.4,1.3,0.41,0.53,0
1313838,360,100.18,23.6,23.4,1.26,0.68,0.86,0
1314889,360,100.07,23.6,23.4,1.29,0.73,0.94,0
1315889,360,100.33,23.6,23.4,1.27,0.0,0.0,0
1316940,360,100.1,23.6,23.4,1.28,0.84,1.08,0
1317940,360,99.78,23.6,23.4,1.26,0.78,0.98,0
1318991,360,99.81,23.6,23.4,1.28,0.0,0.0,0
1319991,360,0.0,23.6,23.4,1.27,0.5,0.64,0
1321042,360,100.13,23.6,23.4,1.22,0.75,0.92,0
1322042,360,100.27,23.6,23.4,1.29,0.48,0.62,0
1323093,360,100.1,23.6,23.4,1.14,0.82,0.93,0
1324093,360,100.13,23.6,23.4,1.32,0.74,0.98,0
1325144,360,100.1,23.6,23.4,1.29,0.73,0.94,0
1326144,360,99.69,23.6,23.4,1.27,0.65,0.82,0
1327195,360,100.53,23.6,23.4,1.28,0.76,0.98,0
1328195,360,100.5,23.6,23.4,1.36,0.69,0.94,0
1329246,360,100.21,23.6,23.4,1.29,0.58,0.75,0
1330246,360,100.1,23.6,23.4,1.34,0.75,1.01,0
1331297,360,100.15,23.6,23.4,1.05,0.72,0.75,0
1332297,360,100.04,23.6,23.4,1.31,1.04,1.36,0
1333348,360,100.59,23.6,23.4,1.42,1.1,1.57,0
1334348,360,99.81,23.6,23.4,1.36,0.6,0.81,0
1335399,360,0.0,23.6,23.4,1.38,0.69,0.95,0
1336399,360,99.72,23.6,23.4,0.54,0.82,0.44,0
1337450,360,0.0,23.6,23.4,1.38,0.83,1.15,0
1338450,360,100.44,23.6,23.4,1.35,0.61,0.82,0
1339501,360,0.0,23.6,23.4,1.0,0.75,0.75,0
1340501,360,99.92,23.6,23.4,1.33,1.38,1.83,0
1341552,360,100.13,23.6,23.4,1.31,0.54,0.7,0
1342552,360,100.07,23.6,23.4,1.29,0.72,0.93,0
1343603,360,100.07,23.6,23.4,1.25,0.7,0.87,0
1344603,360,98.89,23.6,23.4,1.4,0.63,0.89,0
1345654,360,99.09,23.6,23.4,1.35,0.61,0.83,0
1346654,360,0.0,23.6,23.4,1.41,0.08,0.12,0
1347705,360,100.15,23.6,23.4,0.0,0.7,0.0,0
1348705,360,100.13,23.6,23.4,1.32,0.57,0.75,0
1349756,360,99.98,23.6,23.4,0.0,0.66,0.0,0
1350756,360,100.1,23.6,23.4,0.0,1.2,0.0,0
1351807,360,101.28,23.6,23.4,0.0,0.68,0.0,0
1352807,360,0.0,23.6,23.4,0.0,0.69,0.0,0
1353858,360,0.0,23.6,23.4,0.0,1.24,0.0,0
1354858,360,99.61,23.6,23.4,1.46,0.62,0.91,0
1355909,360,100.36,23.6,23.4,1.32,0.69,0.9,0
1356909,360,100.07,23.6,23.4,1.21,0.42,0.51,0
1357960,360,99.32,23.6,23.4,1.16,0.71,0.82,0
1358960,360,99.72,23.6,23.4,1.34,0.62,0.83,0
1360011,360,100.07,23.6,23.4,1.3,0.66,0.86,0
1361011,360,99.95,23.6,23.4,1.26,0.59,0.74,0
1362062,360,100.41,23.6,23.4,1.38,0.58,0.8,0
1363062,360,100.01,23.6,23.4,1.37,0.69,0.94,0
1364113,360,99.84,23.6,23.4,1.26,0.7,0.88,0
1365113,360,0.0,23.6,23.4,1.29,0.79,1.01,0
1366164,360,100.01,23.6,23.4,1.25,0.74,0.92,0
1367164,360,100.07,23.6,23.4,1.35,0.61,0.82,0
1368215,360,100.61,23.6,23.4,1.39,0.71,0.98,0
1369215,360,99.95,23.6,23.4,1.44,0.57,0.82,0
1370266,360,100.07,23.6,23.4,1.4,0.96,1.35,0
1371266,360,99.95,23.6,23.4,1.33,0.74,0.98,0
1372317,360,99.95,23.6,23.4,0.68,0.7,0.48,0
1373317,360,99.81,23.6,23.4,1.36,0.29,0.39,0
1374368,360,0.0,23.6,23.4,1.24,0.72,0.89,0
1375368,360,99.95,23.6,23.4,1.17,0.58,0.67,0
1376419,360,0.0,23.6,23.4,1.39,0.65,0.91,0
1377419,360,100.18,23.6,23.4,1.3,0.62,0.81,0
1378470,360,100.18,23.6,23.4,1.35,0.74,1.0,0
1379470,360,100.13,23.6,23.4,1.08,0.58,0.62,0
1380521,360,100.1,23.6,23.4,1.3,0.67,0.87,0
1381521,360,100.04,23.6,23.4,1.46,0.5,0.73,0
1382572,360,99.95,23.6,23.4,1.46,0.66,0.96,0
1383572,360,100.13,23.6,23.4,1.52,0.8,1.22,0
1384623,360,99.92,23.6,23.4,1.45,0.69,1.0,0
1385623,360,0.0,23.6,23.4,0.37,1.24,0.46,0
1386674,360,100.18,23.7,23.4,0.0,0.79,0.0,0
1387674,360,0.0,23.7,23.4,0.0,0.69,0.0,0
1388725,360,100.1,23.7,23.4,0.0,1.02,0.0,0
1389725,360,99.69,23.7,23.4,0.0,0.54,0.0,0
1390776,360,101.65,23.7,23.4,0.0,0.75,0.0,0
1391776,360,101.22,23.7,23.4,0.0,0.69,0.0,0
1392827,360,100.07,23.8,23.4,0.0,1.2,0.0,0
1393827,360,100.18,23.8,23.4,0.0,0.82,0.0,0
1394878,360,99.95,23.8,23.4,0.0,0.72,0.0,0
1395878,360,100.04,23.8,23.4,0.0,0.68,0.0,0
1396929,360,100.04,23.8,23.4,0.0,0.74,0.0,0
1397929,360,99.64,23.8,23.4,0.0,0.51,0.0,0
1398980,360,100.13,23.8,23.4,0.0,0.62,0.0,0
1399980,360,100.18,23.8,23.4,0.0,0.86,0.0,0
